c01_uncond	REJECT	ACCEPT	DISPROVED	REJECT: v2 MISSES (lanes reject)
c02_if_live	REJECT	ACCEPT	DISPROVED	REJECT: v2 MISSES (lanes reject)
c03_if_dead	ACCEPT	ACCEPT	ACCEPT	ACCEPT: both accept
c04_satisfied	ACCEPT	ACCEPT	ACCEPT	ACCEPT: both accept
c05_while	REJECT	ACCEPT	DISPROVED	REJECT: v2 MISSES (lanes reject)
c06_for	REJECT	ACCEPT	DISPROVED	REJECT: v2 MISSES (lanes reject)
c07_loop_break	REJECT	ACCEPT	DISPROVED	REJECT: v2 MISSES (lanes reject)
c08_for_zero	ACCEPT	ACCEPT	ACCEPT	ACCEPT: both accept
c09_while_false	ACCEPT	ACCEPT	ACCEPT	ACCEPT: both accept
c10_alias	REJECT	ACCEPT	DISPROVED	REJECT: v2 MISSES (lanes reject)
c11_alias_to_safe	ACCEPT	ACCEPT	ACCEPT	ACCEPT: both accept
c12_alias_from_safe	REJECT	ACCEPT	MIXED	REJECT: v2 MISSES (lanes reject)
c13_formal_shadowed	ACCEPT	ACCEPT	ACCEPT	ACCEPT: both accept
c14_alias_in_branch	REJECT	ACCEPT	DISPROVED	REJECT: v2 MISSES (lanes reject)
c17_loop_carried_ok	ACCEPT	ACCEPT	UNDECIDED	ACCEPT: v2 accepts a lanes over-refusal
c18_guard_blocks	ACCEPT	ACCEPT	ACCEPT	ACCEPT: both accept
c19_guard_passes	ACCEPT	ACCEPT	ACCEPT	ACCEPT: both accept
c20_guard_too_weak	REJECT	ACCEPT	DISPROVED	REJECT: v2 MISSES (lanes reject)
c21_unguarded_param	REJECT	ACCEPT	DISPROVED	REJECT: v2 MISSES (lanes reject)
c22_nested_dead	ACCEPT	ACCEPT	ACCEPT	ACCEPT: both accept
c23_nested_live	REJECT	ACCEPT	DISPROVED	REJECT: v2 MISSES (lanes reject)
c24_else_live	REJECT	ACCEPT	DISPROVED	REJECT: v2 MISSES (lanes reject)
c25_shortcirc_dead	ACCEPT	ACCEPT	ACCEPT	ACCEPT: both accept
c26_shortcirc_live	REJECT	ACCEPT	DISPROVED	REJECT: v2 MISSES (lanes reject)
c27_chain	REJECT	ACCEPT	DISPROVED	REJECT: v2 MISSES (lanes reject)
c28_recursion	REJECT	ACCEPT	DISPROVED	REJECT: v2 MISSES (lanes reject)
c29_safe_only	ACCEPT	ACCEPT	ACCEPT	ACCEPT: both accept
c30_symbolic_guarded	ACCEPT	ACCEPT	ACCEPT	ACCEPT: both accept
c32_uncond_satisfied	ACCEPT	ACCEPT	ACCEPT	ACCEPT: both accept
c33_while_cond_calls	REJECT	ACCEPT	DISPROVED	REJECT: v2 MISSES (lanes reject)
c34_for_end_calls	REJECT	ACCEPT	DISPROVED	REJECT: v2 MISSES (lanes reject)
c35_for_zero_param	ACCEPT	ACCEPT	ACCEPT	ACCEPT: both accept
c36_while_guard_ok	ACCEPT	ACCEPT	ACCEPT	ACCEPT: both accept
c37_early_return	ACCEPT	ACCEPT	ACCEPT	ACCEPT: both accept
c38_recursion_ok	ACCEPT	ACCEPT	ACCEPT	ACCEPT: both accept
c39_opaque_arg	ACCEPT	ACCEPT	ACCEPT	ACCEPT: both accept
c41_formal_named_global	ACCEPT	ACCEPT	ACCEPT	ACCEPT: both accept
c42_idx_carrier	REJECT	ACCEPT	DISPROVED	REJECT: v2 MISSES (lanes reject)
c44_match_arm_live	REJECT	ACCEPT	DISPROVED	REJECT: v2 MISSES (lanes reject)
c45_match_arm_dead	ACCEPT	ACCEPT	ACCEPT	ACCEPT: both accept
c46_match_scrutinee	REJECT	ACCEPT	DISPROVED	REJECT: v2 MISSES (lanes reject)
c47_iflet_scrutinee	REJECT	ACCEPT	DISPROVED	REJECT: v2 MISSES (lanes reject)
c51_alias_loop_widen	REJECT	ACCEPT	MIXED	REJECT: v2 MISSES (lanes reject)
c52_u32_coercion	REJECT	ACCEPT	DISPROVED	REJECT: v2 MISSES (lanes reject)
c53_requires_seeded_rec	ACCEPT	ACCEPT	MIXED	ACCEPT: v2 accepts a lanes over-refusal
c54_fanout	REJECT	ACCEPT	MIXED	REJECT: v2 MISSES (lanes reject)
c55_id_forwarder	REJECT	ACCEPT	DISPROVED	REJECT: v2 MISSES (lanes reject)
c56_mutual_rec	REJECT	ACCEPT	DISPROVED	REJECT: v2 MISSES (lanes reject)
c57_arg_embedded_write	REJECT	ACCEPT	DISPROVED	REJECT: v2 MISSES (lanes reject)
c60_identity_builtin	REJECT	ACCEPT	MIXED	REJECT: v2 MISSES (lanes reject)
c61_user_forwarder	REJECT	ACCEPT	MIXED	REJECT: v2 MISSES (lanes reject)
c62_caller_local_named_global	REJECT	ACCEPT	DISPROVED	REJECT: v2 MISSES (lanes reject)
c63_tuple_key_recursion	REJECT	ACCEPT	DISPROVED	REJECT: v2 MISSES (lanes reject)
c66_u32_caller_var	ACCEPT	ACCEPT	ACCEPT	ACCEPT: both accept
c67_for_var_relief	ACCEPT	ACCEPT	ACCEPT	ACCEPT: both accept
c68_join_arg	REJECT	ACCEPT	DISPROVED	REJECT: v2 MISSES (lanes reject)
c69_let_call_guard	ACCEPT	ACCEPT	ACCEPT	ACCEPT: both accept
c70_formal_named_global_value_pos	REJECT	ACCEPT	DISPROVED	REJECT: v2 MISSES (lanes reject)
carrier_oversized_callee_reject	REJECT	ACCEPT	MIXED	REJECT: v2 MISSES (lanes reject)
d9_forwarding_chain	REJECT	SEC_REJECT	SEC_REJECT	REJECT: both reject
d9_other_struct_public_field_ok	ACCEPT	ACCEPT	ACCEPT	ACCEPT: both accept
d9_public_field_ok	ACCEPT	ACCEPT	ACCEPT	ACCEPT: both accept
d9_public_field_unknown_base_valid	ACCEPT	ACCEPT	ACCEPT	ACCEPT: both accept
d9_unknown_arg_type	REJECT	SEC_REJECT	SEC_REJECT	REJECT: both reject
fl_loop_float_assign_div_valid	ACCEPT	ACCEPT	ACCEPT	ACCEPT: both accept
fl_neg_int_one_divisor_valid	ACCEPT	ACCEPT	ACCEPT	ACCEPT: both accept
fl_structlit_arg_let_exprfn_call	REJECT	ACCEPT	DISPROVED	REJECT: v2 MISSES (lanes reject)
fl_structlit_f64_field_true_assert_valid	ACCEPT	ACCEPT	ACCEPT	ACCEPT: both accept
fl_structlit_int_field_valid	ACCEPT	ACCEPT	ACCEPT	ACCEPT: both accept
fl_structlit_let_then_exprfn_call	REJECT	ACCEPT	DISPROVED	REJECT: v2 MISSES (lanes reject)
fl_structlit_return_ensures_valid	ACCEPT	ACCEPT	ACCEPT	ACCEPT: both accept
fl_structlit_return_f64_field_ensures	REJECT	ACCEPT	DISPROVED	REJECT: v2 MISSES (lanes reject)
h_apply_satisfied	ACCEPT	ACCEPT	ACCEPT	ACCEPT: both accept
h_apply_violated	REJECT	ACCEPT	DISPROVED	REJECT: v2 MISSES (lanes reject)
h_call_satisfied	ACCEPT	ACCEPT	ACCEPT	ACCEPT: both accept
h_call_violated	REJECT	ACCEPT	DISPROVED	REJECT: v2 MISSES (lanes reject)
h_map_satisfied	ACCEPT	ACCEPT	ACCEPT	ACCEPT: both accept
h_map_violated	REJECT	ACCEPT	DISPROVED	REJECT: v2 MISSES (lanes reject)
m_arm_body_assert_deferred	ACCEPT	ACCEPT	ACCEPT	ACCEPT: both accept
m_direct_iflet_arm_violated	REJECT	ACCEPT	DISPROVED	REJECT: v2 MISSES (lanes reject)
m_direct_match_arm_dead	ACCEPT	ACCEPT	ACCEPT	ACCEPT: both accept
m_direct_match_arm_guarded_ok	ACCEPT	ACCEPT	ACCEPT	ACCEPT: both accept
m_direct_match_arm_violated	REJECT	ACCEPT	DISPROVED	REJECT: v2 MISSES (lanes reject)
open_closure_returning_secret_fn	REJECT	SEC_REJECT	ACCEPT	REJECT: v2 catches a lanes silent accept
open_loop_reassign_after_use_secret	REJECT	SEC_REJECT	SEC_REJECT	REJECT: both reject
open_ord3_alias_defer_capture_by_value	REJECT	SEC_REJECT	ACCEPT	REJECT: v2 catches a lanes silent accept
open_ord3_alias_defer_inner_capture	REJECT	SEC_REJECT	ACCEPT	REJECT: v2 catches a lanes silent accept
open_ord3_alias_defer_shadowed_formal	REJECT	SEC_REJECT	ACCEPT	REJECT: v2 catches a lanes silent accept
open_rc25_cb1_call_returns_printing_fn_scalar	REJECT	SEC_REJECT	ACCEPT	REJECT: v2 catches a lanes silent accept
open_rc25_cb2_apply_returns_printing_fn_scalar	REJECT	SEC_REJECT	ACCEPT	REJECT: v2 catches a lanes silent accept
open_rc25_lc1_valueblock_while_scalar	REJECT	SEC_REJECT	ACCEPT	REJECT: v2 catches a lanes silent accept
open_rc25_lc3_valueblock_whilelet_scalar	REJECT	SEC_REJECT	ACCEPT	REJECT: v2 catches a lanes silent accept
open_rc25_lc5_fn_valueblock_while_scalar	REJECT	SEC_REJECT	ACCEPT	REJECT: v2 catches a lanes silent accept
open_rc25_lc6_valueblock_for_scalar	REJECT	SEC_REJECT	ACCEPT	REJECT: v2 catches a lanes silent accept
open_rc25_ms10_index_assign_print_secret	REJECT	SEC_REJECT	ACCEPT	REJECT: v2 catches a lanes silent accept
open_rc25_ms5_field_assign_print_secret	REJECT	SEC_REJECT	ACCEPT	REJECT: v2 catches a lanes silent accept
open_rc25_ms6_field_literal_print_secret	REJECT	SEC_REJECT	ACCEPT	REJECT: v2 catches a lanes silent accept
open_rc25_ms7_list_print_secret	REJECT	SEC_REJECT	ACCEPT	REJECT: v2 catches a lanes silent accept
open_rc25_ms8_map_print_secret	REJECT	SEC_REJECT	ACCEPT	REJECT: v2 catches a lanes silent accept
open_rc25_o3r_builtin_source_as_value	REJECT	SEC_REJECT	ACCEPT	REJECT: v2 catches a lanes silent accept
open_rc25_o3r_hof_named_fn_return_enforcing	REJECT	SEC_REJECT	ACCEPT	REJECT: v2 catches a lanes silent accept
open_rc25_o3r_implicit_exit_final_scope	REJECT	SEC_REJECT	ACCEPT	REJECT: v2 catches a lanes silent accept
open_rc25_o3r_implicit_exit_guard_positions	REJECT	SEC_REJECT	ACCEPT	REJECT: v2 catches a lanes silent accept
open_rc25_o3r_remove_key_not_source	REJECT	SEC_REJECT	ACCEPT	REJECT: v2 catches a lanes silent accept
open_rc25_o3r_sum_closure_binder_tail	REJECT	SEC_REJECT	ACCEPT	REJECT: v2 catches a lanes silent accept
open_rc25_o3r_sum_closure_binder_tail_taint	REJECT	SEC_REJECT	ACCEPT	REJECT: v2 catches a lanes silent accept
open_rc25_o3r_sum_closure_tail_drops_cond	REJECT	SEC_REJECT	ACCEPT	REJECT: v2 catches a lanes silent accept
open_reentry_closure_capturing_secret	REJECT	SEC_REJECT	ACCEPT	REJECT: v2 catches a lanes silent accept
open_ro1_alias_regression_unknown_set_capability	REJECT	ACCEPT	SEC_REJECT	REJECT: v2 MISSES (lanes reject)
open_ro1_alias_regression_unknown_set_secret	REJECT	SEC_REJECT	SEC_REJECT	REJECT: both reject
open_ro1_call_targets_local_shadowing_user_fn	REJECT	SEC_REJECT	SEC_REJECT	REJECT: both reject
open_ro1_closure_returning_function	REJECT	SEC_REJECT	ACCEPT	REJECT: v2 catches a lanes silent accept
open_ro1_enforcing_branch_join_drops_field_fn_identity	REJECT	SEC_REJECT	SEC_REJECT	REJECT: both reject
open_ro1_fn_assigned_in_value_block_lost	REJECT	SEC_REJECT	SEC_REJECT	REJECT: both reject
open_ro1_hof_builtin_capability_not_charged	REJECT	ACCEPT	SEC_REJECT	REJECT: v2 MISSES (lanes reject)
open_ro1_hof_builtin_local_fn_binding	REJECT	SEC_REJECT	SEC_REJECT	REJECT: both reject
open_ro1_implicit_flow_try_under_secret_branch	REJECT	SEC_REJECT	SEC_REJECT	REJECT: both reject
open_ro1_lambda_plus_named_fn_join_skips_closure	REJECT	SEC_REJECT	SEC_REJECT	REJECT: both reject
open_ro1_leak1_local_named_like_user_fn	REJECT	SEC_REJECT	SEC_REJECT	REJECT: both reject
open_ro1_local_shadows_user_fn_name	REJECT	SEC_REJECT	SEC_REJECT	REJECT: both reject
open_ro1_loop_reassign_after_call_egress	REJECT	SEC_REJECT	SEC_REJECT	REJECT: both reject
open_ro1_ret_expr_position_push	REJECT	SEC_REJECT	SEC_REJECT	REJECT: both reject
open_ro1_ret_fn_identity_untracked	REJECT	SEC_REJECT	SEC_REJECT	REJECT: both reject
open_ro1_ret_try_operator_not_a_return	REJECT	SEC_REJECT	SEC_REJECT	REJECT: both reject
open_ro1_struct_type_single_alias_at_join	REJECT	SEC_REJECT	SEC_REJECT	REJECT: both reject
open_ro1_sym_lambda_body_assigns_captured_then_yields	REJECT	SEC_REJECT	SEC_REJECT	REJECT: both reject
open_ro1_sym_mistyped_struct_annotation	REJECT	SEC_REJECT	ACCEPT	REJECT: v2 catches a lanes silent accept
open_ro1_sym_secret_key_in_place_assignment_target	REJECT	SEC_REJECT	SEC_REJECT	REJECT: both reject
open_ro1_sym_write_then_read_in_one_expression	REJECT	SEC_REJECT	SEC_REJECT	REJECT: both reject
open_ro1_unknown_set_drops_joined_functions	REJECT	SEC_REJECT	SEC_REJECT	REJECT: both reject
open_ro1_user_hof_named_fn_arg	REJECT	SEC_REJECT	SEC_REJECT	REJECT: both reject
open_ro1_value_block_tail_identity	REJECT	SEC_REJECT	SEC_REJECT	REJECT: both reject
open_rv36o_sib_brk_enf	REJECT	SEC_REJECT	SEC_REJECT	REJECT: both reject
open_rv36o_sib_brk_param	REJECT	SEC_REJECT	SEC_REJECT	REJECT: both reject
open_rv36o_sib_shd2_enf	REJECT	SEC_REJECT	SEC_REJECT	REJECT: both reject
open_rv36o_sib_shd_enf	REJECT	SEC_REJECT	SEC_REJECT	REJECT: both reject
open_rv36o_sib_shd_param	REJECT	SEC_REJECT	SEC_REJECT	REJECT: both reject
open_rv36o_sib_vb_brk	REJECT	SEC_REJECT	SEC_REJECT	REJECT: both reject
open_rv36o_sib_vb_shd	REJECT	SEC_REJECT	SEC_REJECT	REJECT: both reject
open_rv37x_f_c1_container_annotation	REJECT	SEC_REJECT	SEC_REJECT	REJECT: both reject
open_rv37x_f_l4_helper_literal_field	REJECT	SEC_REJECT	ACCEPT	REJECT: v2 catches a lanes silent accept
open_rv37x_f_l5_literal_field_part_edge	REJECT	SEC_REJECT	ACCEPT	REJECT: v2 catches a lanes silent accept
open_rv37x_f_pt8_join_of_literals_field_other_type	REJECT	SEC_REJECT	SEC_REJECT	REJECT: both reject
open_rv37x_f_r1_declared_return_single_let	REJECT	SEC_REJECT	SEC_REJECT	REJECT: both reject
open_rv37x_f_r2_declared_list_return	REJECT	SEC_REJECT	SEC_REJECT	REJECT: both reject
open_rv37x_f_x8a_list_of_literal_field_other_type	REJECT	SEC_REJECT	SEC_REJECT	REJECT: both reject
open_rv37x_f_x8b_struct_literal_field_other_type	REJECT	SEC_REJECT	ACCEPT	REJECT: v2 catches a lanes silent accept
open_rv37x_ra_callee_pk	REJECT	SEC_REJECT	ACCEPT	REJECT: v2 catches a lanes silent accept
open_rv37x_ra_callee_pk_stmt	REJECT	SEC_REJECT	ACCEPT	REJECT: v2 catches a lanes silent accept
open_rv37x_w1_nocoinc	REJECT	SEC_REJECT	ACCEPT	REJECT: v2 catches a lanes silent accept
open_rv38c_fut	REJECT	SEC_REJECT	ACCEPT	REJECT: v2 catches a lanes silent accept
open_rv38c_fut_nc	REJECT	SEC_REJECT	ACCEPT	REJECT: v2 catches a lanes silent accept
open_rv38c_u_main_nc	REJECT	SEC_REJECT	ACCEPT	REJECT: v2 catches a lanes silent accept
open_rv38c_u_mk_nocoinc	REJECT	SEC_REJECT	ACCEPT	REJECT: v2 catches a lanes silent accept
open_rv39_bands_t3_open_d2_main_call_let	REJECT	SEC_REJECT	ACCEPT	REJECT: v2 catches a lanes silent accept
open_rv39_bands_t3_open_f2_formal_show	REJECT	SEC_REJECT	ACCEPT	REJECT: v2 catches a lanes silent accept
open_rv39_bands_t3_open_nonlit_plain_arg	REJECT	SEC_REJECT	ACCEPT	REJECT: v2 catches a lanes silent accept
open_rv39_bands_t3_sym_f1a_pk	REJECT	SEC_REJECT	SEC_REJECT	REJECT: both reject
open_rv39_bands_t3_sym_f1b_pk	REJECT	SEC_REJECT	SEC_REJECT	REJECT: both reject
open_rv39_bands_t3_sym_f2_pk	REJECT	SEC_REJECT	ACCEPT	REJECT: v2 catches a lanes silent accept
open_rv39_loose_open_r38pl_dt_field_literal_field	REJECT	SEC_REJECT	ACCEPT	REJECT: v2 catches a lanes silent accept
open_rv39_loose_reject_r39_loose4_e2_map_under_annotation	REJECT	SEC_REJECT	ACCEPT	REJECT: v2 catches a lanes silent accept
open_rv39_xc_f6_onelet	REJECT	SEC_REJECT	ACCEPT	REJECT: v2 catches a lanes silent accept
open_rv39_xc_l10_var_of_index	REJECT	SEC_REJECT	ACCEPT	REJECT: v2 catches a lanes silent accept
open_rv39_xc_l3b_place_direct	REJECT	SEC_REJECT	ACCEPT	REJECT: v2 catches a lanes silent accept
open_rv39_xc_l9_var_of_place	REJECT	SEC_REJECT	ACCEPT	REJECT: v2 catches a lanes silent accept
open_struct_field_reassigned_after_use_secret	REJECT	SEC_REJECT	ACCEPT	REJECT: v2 catches a lanes silent accept
open_whole10_r33_r33_l1_closure_reassigned_in_main_loop	REJECT	SEC_REJECT	SEC_REJECT	REJECT: both reject
open_whole10_r33_r33_mainrot_1	REJECT	SEC_REJECT	SEC_REJECT	REJECT: both reject
open_whole11_r34_l_enumsecret_1	REJECT	SEC_REJECT	ACCEPT	REJECT: v2 catches a lanes silent accept
open_whole11_r34_l_enumsecret_2	REJECT	SEC_REJECT	ACCEPT	REJECT: v2 catches a lanes silent accept
open_whole12_r35_r35i_2_l_mainbinder	REJECT	SEC_REJECT	SEC_REJECT	REJECT: both reject
open_whole12_r35_r35i_3_l_mainpass	REJECT	SEC_REJECT	SEC_REJECT	REJECT: both reject
open_whole13_r36_r36_spec_3_ordinary_lane_branch_assigned_secret_returned	REJECT	SEC_REJECT	SEC_REJECT	REJECT: both reject
open_whole13_rv36x_c1_closure_from_list_then_shadow	REJECT	SEC_REJECT	ACCEPT	REJECT: v2 catches a lanes silent accept
open_whole13_rv36x_c2_closure_from_map_then_shadow	REJECT	SEC_REJECT	ACCEPT	REJECT: v2 catches a lanes silent accept
open_whole13_rv36x_oh3_alias_join_one_named	REJECT	SEC_REJECT	SEC_REJECT	REJECT: both reject
open_whole13_rv36x_rs1_receiver_shadow	REJECT	SEC_REJECT	SEC_REJECT	REJECT: both reject
open_whole13_rv36x_sp2_part_edge_shadow_type_call	REJECT	SEC_REJECT	SEC_REJECT	REJECT: both reject
open_whole2_B2	REJECT	SEC_REJECT	SEC_REJECT	REJECT: both reject
open_whole4_l14_implicit_if_assign	REJECT	SEC_REJECT	ACCEPT	REJECT: v2 catches a lanes silent accept
open_whole4_l16_implicit_fn_if_assign	REJECT	SEC_REJECT	ACCEPT	REJECT: v2 catches a lanes silent accept
open_whole4_w11_ip_l11	REJECT	SEC_REJECT	ACCEPT	REJECT: v2 catches a lanes silent accept
open_whole4_w11_ip_l12	REJECT	SEC_REJECT	ACCEPT	REJECT: v2 catches a lanes silent accept
open_whole4_w11_ip_s06	REJECT	SEC_REJECT	SEC_REJECT	REJECT: both reject
open_whole4_w11_ip_s07	REJECT	SEC_REJECT	ACCEPT	REJECT: v2 catches a lanes silent accept
open_whole5_r28_s2_expression_valued_callee_or_callback	REJECT	SEC_REJECT	SEC_REJECT	REJECT: both reject
open_whole5_r28_s3_closure_reassigned	REJECT	SEC_REJECT	SEC_REJECT	REJECT: both reject
open_whole5_r28_s4_panic_stderr_channel	REJECT	SEC_REJECT	ACCEPT	REJECT: v2 catches a lanes silent accept
open_whole6_r29_s4_return_selected_by_break	REJECT	SEC_REJECT	ACCEPT	REJECT: v2 catches a lanes silent accept
open_whole7_r30_c04	REJECT	SEC_REJECT	SEC_REJECT	REJECT: both reject
open_whole8_r31_r31i_s1	REJECT	SEC_REJECT	SEC_REJECT	REJECT: both reject
ord3_alias_defer_local_shadows_fn	ACCEPT	ACCEPT	SEC_REJECT	ACCEPT: v2 accepts a lanes over-refusal
ord3_alias_defer_push_index_overrefusal	ACCEPT	ACCEPT	SEC_REJECT	ACCEPT: v2 accepts a lanes over-refusal
ord3_capture_mutual_old_print	REJECT	SEC_REJECT	INVALID:ANUBIS_ANALYSIS_LIMIT	REJECT: both reject
ord3_capture_mutual_old_print_scalar	REJECT	SEC_REJECT	INVALID:ANUBIS_ANALYSIS_LIMIT	REJECT: both reject
ord3_capture_self_old_print	REJECT	SEC_REJECT	INVALID:ANUBIS_ANALYSIS_LIMIT	REJECT: both reject
ord3_capture_self_old_print_scalar	REJECT	SEC_REJECT	INVALID:ANUBIS_ANALYSIS_LIMIT	REJECT: both reject
parse_nesting_below_bound	ACCEPT	ACCEPT	ACCEPT	ACCEPT: both accept
pp_checked_narrowing_panic	ACCEPT	ACCEPT	ACCEPT	ACCEPT: both accept
pp_conjunct_guard_else_not_relieved	REJECT	ACCEPT	DISPROVED	REJECT: v2 MISSES (lanes reject)
pp_conjunct_guard_partial_encoding	ACCEPT	ACCEPT	ACCEPT	ACCEPT: both accept
pp_counter_no_wrap_lint	ACCEPT	ACCEPT	ACCEPT	ACCEPT: both accept
pp_exit_without_arg_not_diverging	REJECT	ACCEPT	DISPROVED	REJECT: v2 MISSES (lanes reject)
pp_for_bound_written_in_body	REJECT	ACCEPT	DISPROVED	REJECT: v2 MISSES (lanes reject)
pp_guard_or_return_proves	ACCEPT	ACCEPT	ACCEPT	ACCEPT: both accept
pp_guard_return_i64	ACCEPT	ACCEPT	ACCEPT	ACCEPT: both accept
pp_guard_return_proves	ACCEPT	ACCEPT	ACCEPT	ACCEPT: both accept
pp_guard_then_reassign_direct	REJECT	ACCEPT	DISPROVED	REJECT: v2 MISSES (lanes reject)
pp_if_value_join_ok	ACCEPT	ACCEPT	ACCEPT	ACCEPT: both accept
pp_if_value_join_violated	REJECT	ACCEPT	DISPROVED	REJECT: v2 MISSES (lanes reject)
pp_ifelse_return_proves	ACCEPT	ACCEPT	ACCEPT	ACCEPT: both accept
pp_join_both_branches	ACCEPT	ACCEPT	ACCEPT	ACCEPT: both accept
pp_join_branch_local_shadow	ACCEPT	ACCEPT	ACCEPT	ACCEPT: both accept
pp_join_else_negative	REJECT	ACCEPT	DISPROVED	REJECT: v2 MISSES (lanes reject)
pp_join_live_negative	REJECT	ACCEPT	DISPROVED	REJECT: v2 MISSES (lanes reject)
pp_join_no_else	ACCEPT	ACCEPT	ACCEPT	ACCEPT: both accept
pp_join_then_guard_u32	ACCEPT	ACCEPT	ACCEPT	ACCEPT: both accept
pp_match_diverging_arm_skipped	ACCEPT	ACCEPT	ACCEPT	ACCEPT: both accept
pp_match_value_join_ok	ACCEPT	ACCEPT	ACCEPT	ACCEPT: both accept
pp_match_value_join_violated	REJECT	ACCEPT	DISPROVED	REJECT: v2 MISSES (lanes reject)
pp_match_value_then_guard	ACCEPT	ACCEPT	ACCEPT	ACCEPT: both accept
pp_modular_declared_requires	ACCEPT	ACCEPT	ACCEPT	ACCEPT: both accept
pp_modular_guarded_call	ACCEPT	ACCEPT	ACCEPT	ACCEPT: both accept
pp_modular_param_unguarded	REJECT	ACCEPT	DISPROVED	REJECT: v2 MISSES (lanes reject)
pp_modular_param_violation	REJECT	ACCEPT	DISPROVED	REJECT: v2 MISSES (lanes reject)
pp_unfold_nested_violated	REJECT	ACCEPT	DISPROVED	REJECT: v2 MISSES (lanes reject)
pp_unfold_predicate_ok	ACCEPT	ACCEPT	ACCEPT	ACCEPT: both accept
pp_unfold_predicate_violated	REJECT	ACCEPT	DISPROVED	REJECT: v2 MISSES (lanes reject)
pp_user_defined_panic_not_diverging	REJECT	ACCEPT	DISPROVED	REJECT: v2 MISSES (lanes reject)
pp_while_guard_proves	ACCEPT	ACCEPT	ACCEPT	ACCEPT: both accept
r01_c_struct_field_letbound	REJECT	SEC_REJECT	SEC_REJECT	REJECT: both reject
r02_c_clean_letbound	ACCEPT	ACCEPT	ACCEPT	ACCEPT: both accept
r03_b_placeassign_callexpr	REJECT	SEC_REJECT	SEC_REJECT	REJECT: both reject
r04_b_literal_callexpr	REJECT	SEC_REJECT	SEC_REJECT	REJECT: both reject
r05_d8_unannotated_array	REJECT	SEC_REJECT	SEC_REJECT	REJECT: both reject
r06_d8_annotated_array	REJECT	SEC_REJECT	SEC_REJECT	REJECT: both reject
r07_d9_unannotated_formal	REJECT	SEC_REJECT	SEC_REJECT	REJECT: both reject
r08_d9_annotated_formal	REJECT	SEC_REJECT	SEC_REJECT	REJECT: both reject
r09_d10_unannotated_return	REJECT	SEC_REJECT	SEC_REJECT	REJECT: both reject
r10_d10_declared_return	REJECT	SEC_REJECT	SEC_REJECT	REJECT: both reject
r11_t_direct	REJECT	SEC_REJECT	SEC_REJECT	REJECT: both reject
r12_t_return_carrier_letbound	REJECT	SEC_REJECT	SEC_REJECT	REJECT: both reject
r13_t_return_carrier_callexpr	REJECT	SEC_REJECT	SEC_REJECT	REJECT: both reject
r14_t_sinkarg_placeassign_callexpr	REJECT	SEC_REJECT	SEC_REJECT	REJECT: both reject
r15_t_sinkarg_literal_callexpr	REJECT	SEC_REJECT	SEC_REJECT	REJECT: both reject
r16_cap_placeassign_callexpr	REJECT	ACCEPT	SEC_REJECT	REJECT: v2 MISSES (lanes reject)
rc25_i18_1_pop_extraction	REJECT	ACCEPT	SEC_REJECT	REJECT: v2 MISSES (lanes reject)
rc25_i18_2_remove_extraction	REJECT	ACCEPT	SEC_REJECT	REJECT: v2 MISSES (lanes reject)
rc25_i18_3_inline_forwarder_identity	REJECT	ACCEPT	SEC_REJECT	REJECT: v2 MISSES (lanes reject)
rc25_i18_4_first_extraction	REJECT	ACCEPT	SEC_REJECT	REJECT: v2 MISSES (lanes reject)
rc25_i21_1_direct_field_call_secret_fn	REJECT	SEC_REJECT	SEC_REJECT	REJECT: both reject
rc25_i21_1c_letbound_control	REJECT	SEC_REJECT	SEC_REJECT	REJECT: both reject
rc25_i21_3_bare_print_param_secret	REJECT	SEC_REJECT	SEC_REJECT	REJECT: both reject
rc25_lc2_whilelet_scalar	REJECT	SEC_REJECT	SEC_REJECT	REJECT: both reject
rc25_lc4_control_main_while_scalar	REJECT	SEC_REJECT	SEC_REJECT	REJECT: both reject
rc25_lc7_valueblock_direct_print_control	REJECT	SEC_REJECT	SEC_REJECT	REJECT: both reject
rc25_lc8_valueblock_loop_noncarried_control	REJECT	SEC_REJECT	SEC_REJECT	REJECT: both reject
rc25_mj0_control_unconditional_reassign	REJECT	SEC_REJECT	SEC_REJECT	REJECT: both reject
rc25_mj1_local_closure_branch	REJECT	SEC_REJECT	SEC_REJECT	REJECT: both reject
rc25_mj2_field_closure_branch	REJECT	SEC_REJECT	SEC_REJECT	REJECT: both reject
rc25_mj3_index_closure_branch	REJECT	SEC_REJECT	SEC_REJECT	REJECT: both reject
rc25_mj4_local_closure_else_branch	REJECT	SEC_REJECT	SEC_REJECT	REJECT: both reject
rc25_ms12_control_direct_print_secret	REJECT	SEC_REJECT	SEC_REJECT	REJECT: both reject
rc25_o3r_enf_value_block_field_fn_write	REJECT	SEC_REJECT	SEC_REJECT	REJECT: both reject
rc25_ssc1_nested_if_in_block_secret_field	REJECT	SEC_REJECT	SEC_REJECT	REJECT: both reject
rc25_ssc2_nested_depth3	REJECT	SEC_REJECT	SEC_REJECT	REJECT: both reject
rc25_ssc3_nested_secret_source	REJECT	SEC_REJECT	SEC_REJECT	REJECT: both reject
rc25_t14_r2_iflet_bind_builtin	REJECT	ACCEPT	SEC_REJECT	REJECT: v2 MISSES (lanes reject)
rc25_t14_r3_container_returned_builtin	REJECT	ACCEPT	SEC_REJECT	REJECT: v2 MISSES (lanes reject)
rc25_t14_r4_container_param_builtin	REJECT	ACCEPT	SEC_REJECT	REJECT: v2 MISSES (lanes reject)
rc25_t14_r6_first_extract_builtin	REJECT	ACCEPT	SEC_REJECT	REJECT: v2 MISSES (lanes reject)
rc25_t14_r6b_pop_extract_builtin	REJECT	ACCEPT	SEC_REJECT	REJECT: v2 MISSES (lanes reject)
rc25_t14_r7_slice_transform_builtin	REJECT	ACCEPT	SEC_REJECT	REJECT: v2 MISSES (lanes reject)
rc25_t14_r7b_concat_transform_builtin	REJECT	ACCEPT	SEC_REJECT	REJECT: v2 MISSES (lanes reject)
rc25_t14_r8_map_get_builtin	REJECT	ACCEPT	SEC_REJECT	REJECT: v2 MISSES (lanes reject)
rc25_t14_r8b_map_values_builtin	REJECT	ACCEPT	SEC_REJECT	REJECT: v2 MISSES (lanes reject)
ro1_or1_later_full_overwrite	ACCEPT	ACCEPT	ACCEPT	ACCEPT: both accept
ro1_or2_entry_label_killed_in_loop	ACCEPT	ACCEPT	ACCEPT	ACCEPT: both accept
ro1_or3_taint_temp_reuse_parser	ACCEPT	ACCEPT	ACCEPT	ACCEPT: both accept
ro1_or4_declassifying_helper_in_branch	ACCEPT	ACCEPT	SEC_REJECT	ACCEPT: v2 accepts a lanes over-refusal
ro1_or5_unannotated_struct_let_in_loop	ACCEPT	ACCEPT	SEC_REJECT	ACCEPT: v2 accepts a lanes over-refusal
ro1_or6_field_store_in_loop	ACCEPT	ACCEPT	SEC_REJECT	ACCEPT: v2 accepts a lanes over-refusal
ro2x_a_brk_print	REJECT	SEC_REJECT	SEC_REJECT	REJECT: both reject
ro2x_a_vb_print	REJECT	SEC_REJECT	SEC_REJECT	REJECT: both reject
ro2x_h_twohop	REJECT	SEC_REJECT	SEC_REJECT	REJECT: both reject
ro2x_j_armbreak	REJECT	SEC_REJECT	SEC_REJECT	REJECT: both reject
ro2x_j_armcont	REJECT	SEC_REJECT	SEC_REJECT	REJECT: both reject
ro2x_j_param_armbreak	REJECT	SEC_REJECT	SEC_REJECT	REJECT: both reject
ro2x_j_ret_armbreak	REJECT	SEC_REJECT	SEC_REJECT	REJECT: both reject
ro2x_j_ret_armbreak_twin	ACCEPT	ACCEPT	ACCEPT	ACCEPT: both accept
ro2x_j_ret_armcont	REJECT	SEC_REJECT	SEC_REJECT	REJECT: both reject
ro2x_j_ret_valarmbreak	REJECT	SEC_REJECT	SEC_REJECT	REJECT: both reject
ro2x_j_stmtbreak	REJECT	SEC_REJECT	SEC_REJECT	REJECT: both reject
ro2x_j_unreach_param	REJECT	SEC_REJECT	SEC_REJECT	REJECT: both reject
ro2x_j_unreach_ret	REJECT	SEC_REJECT	SEC_REJECT	REJECT: both reject
ro2x_j_unreach_ret_twin	ACCEPT	ACCEPT	ACCEPT	ACCEPT: both accept
ro2x_q_call_abs	REJECT	SEC_REJECT	SEC_REJECT	REJECT: both reject
ro2x_q_for_abs	REJECT	SEC_REJECT	SEC_REJECT	REJECT: both reject
ro2x_q_for_twin	ACCEPT	ACCEPT	SEC_REJECT	ACCEPT: v2 accepts a lanes over-refusal
ro2x_q_for_twin1	ACCEPT	ACCEPT	SEC_REJECT	ACCEPT: v2 accepts a lanes over-refusal
ro2x_q_iflet_abs	REJECT	SEC_REJECT	SEC_REJECT	REJECT: both reject
ro2x_q_letpat_abs	REJECT	SEC_REJECT	SEC_REJECT	REJECT: both reject
ro2x_q_match_abs3	REJECT	SEC_REJECT	SEC_REJECT	REJECT: both reject
ro2x_s_alias_replace	REJECT	SEC_REJECT	SEC_REJECT	REJECT: both reject
ro3_builtin_hof_applies_user_hof	REJECT	SEC_REJECT	SEC_REJECT	REJECT: both reject
ro3_builtin_hof_via_local_alias	REJECT	SEC_REJECT	SEC_REJECT	REJECT: both reject
ro3_compose_value_called	REJECT	SEC_REJECT	SEC_REJECT	REJECT: both reject
ro3_container_lambda_as_hof_callback	REJECT	SEC_REJECT	SEC_REJECT	REJECT: both reject
ro3_element_builtin_extracted_fn	REJECT	SEC_REJECT	SEC_REJECT	REJECT: both reject
ro3_enf_arm_tail_push	REJECT	SEC_REJECT	SEC_REJECT	REJECT: both reject
ro3_enf_equal_span_binder_shadow	REJECT	SEC_REJECT	SEC_REJECT	REJECT: both reject
ro3_enf_equal_span_binder_shadow_twin	REJECT	SEC_REJECT	SEC_REJECT	REJECT: both reject
ro3_enf_expr_pos_push	REJECT	SEC_REJECT	SEC_REJECT	REJECT: both reject
ro3_enf_expr_pos_push_twin	REJECT	SEC_REJECT	SEC_REJECT	REJECT: both reject
ro3_enf_loop_header_sink	REJECT	SEC_REJECT	SEC_REJECT	REJECT: both reject
ro3_enf_loop_header_sink_twin	REJECT	SEC_REJECT	SEC_REJECT	REJECT: both reject
ro3_failed_guard_push_param	REJECT	SEC_REJECT	SEC_REJECT	REJECT: both reject
ro3_failed_guard_push_param_twin	REJECT	SEC_REJECT	SEC_REJECT	REJECT: both reject
ro3_failed_guard_push_ret	REJECT	SEC_REJECT	SEC_REJECT	REJECT: both reject
ro3_failed_guard_push_ret_twin	REJECT	SEC_REJECT	SEC_REJECT	REJECT: both reject
ro3_helper_returned_closure_inline	REJECT	SEC_REJECT	SEC_REJECT	REJECT: both reject
ro3_hof_lambda_param_bound_to_fn_arg	REJECT	SEC_REJECT	SEC_REJECT	REJECT: both reject
ro3_lambda_written_in_branch_lost	REJECT	SEC_REJECT	SEC_REJECT	REJECT: both reject
ro3_loop_carried_lambda_after_call	REJECT	SEC_REJECT	SEC_REJECT	REJECT: both reject
ro3_or_failed_guard_binder_join	ACCEPT	ACCEPT	ACCEPT	ACCEPT: both accept
ro3_or_nested_shadow_let_counted_as_write	ACCEPT	ACCEPT	ACCEPT	ACCEPT: both accept
ro3_or_pattern_enf	REJECT	SEC_REJECT	SEC_REJECT	REJECT: both reject
ro3_or_pattern_enf_twin	REJECT	SEC_REJECT	SEC_REJECT	REJECT: both reject
ro3_or_pattern_param	REJECT	SEC_REJECT	SEC_REJECT	REJECT: both reject
ro3_or_pattern_param_twin	REJECT	SEC_REJECT	SEC_REJECT	REJECT: both reject
ro3_place_fn_write_before_shadow_lost	REJECT	SEC_REJECT	SEC_REJECT	REJECT: both reject
ro3_place_fn_write_in_value_block_lost	REJECT	SEC_REJECT	SEC_REJECT	REJECT: both reject
ro3_reg_arm_tail_push_ret	REJECT	SEC_REJECT	SEC_REJECT	REJECT: both reject
ro3_reg_arm_tail_push_ret_twin	REJECT	SEC_REJECT	SEC_REJECT	REJECT: both reject
ro3_reg_or_pattern_ret	REJECT	SEC_REJECT	SEC_REJECT	REJECT: both reject
ro3_reg_or_pattern_ret_twin	REJECT	SEC_REJECT	SEC_REJECT	REJECT: both reject
ro3_shadowed_local_in_container_as_callback	REJECT	SEC_REJECT	SEC_REJECT	REJECT: both reject
ro3_tail_push_param	REJECT	SEC_REJECT	SEC_REJECT	REJECT: both reject
ro3_tail_push_param_twin	REJECT	SEC_REJECT	SEC_REJECT	REJECT: both reject
ro3_tail_push_ret	REJECT	SEC_REJECT	SEC_REJECT	REJECT: both reject
ro3_user_hof_applies_formal_via_container_or_loop	REJECT	SEC_REJECT	SEC_REJECT	REJECT: both reject
ro3_user_hof_over_callback_list	REJECT	SEC_REJECT	SEC_REJECT	REJECT: both reject
ro3_user_hof_via_local_alias	REJECT	SEC_REJECT	SEC_REJECT	REJECT: both reject
ro3x_alias_builtin_hof_via_local_alias_twin	REJECT	SEC_REJECT	SEC_REJECT	REJECT: both reject
ro3x_alias_compose_value_called_twin	REJECT	SEC_REJECT	SEC_REJECT	REJECT: both reject
ro3x_alias_container_lambda_as_hof_callback_twin	REJECT	SEC_REJECT	SEC_REJECT	REJECT: both reject
ro3x_alias_element_builtin_extracted_fn_twin	REJECT	SEC_REJECT	SEC_REJECT	REJECT: both reject
ro3x_alias_helper_returned_closure_inline_twin	REJECT	SEC_REJECT	SEC_REJECT	REJECT: both reject
ro3x_alias_hof_lambda_param_bound_to_fn_arg_twin	REJECT	SEC_REJECT	SEC_REJECT	REJECT: both reject
ro3x_alias_l01b_leak_branch_lambda_then_each	REJECT	SEC_REJECT	SEC_REJECT	REJECT: both reject
ro3x_alias_l02_leak_for_loop_lambda_after_call	REJECT	SEC_REJECT	SEC_REJECT	REJECT: both reject
ro3x_alias_l03_leak_value_block_field_lambda	REJECT	SEC_REJECT	SEC_REJECT	REJECT: both reject
ro3x_alias_l06_leak_join_of_hof_builtins_held_in_a_local	REJECT	SEC_REJECT	SEC_REJECT	REJECT: both reject
ro3x_alias_l08b_leak_apply_app_list_variable	REJECT	SEC_REJECT	SEC_REJECT	REJECT: both reject
ro3x_alias_l10d_leak_formal_forwarded_inside_a_container	REJECT	SEC_REJECT	SEC_REJECT	REJECT: both reject
ro3x_alias_l10e_leak_formal_applied_through_a_capturing_closure	REJECT	SEC_REJECT	SEC_REJECT	REJECT: both reject
ro3x_alias_l12c_leak_list_pattern_binder_of_a_printing_lambda_p2	REJECT	SEC_REJECT	SEC_REJECT	REJECT: both reject
ro3x_alias_l14b_leak_compose_identity_pr	REJECT	SEC_REJECT	SEC_REJECT	REJECT: both reject
ro3x_alias_l15c_leak_values_m_0	REJECT	SEC_REJECT	SEC_REJECT	REJECT: both reject
ro3x_alias_l16_or5_twin_with_a_real_nested_write_must_stay_reject	REJECT	SEC_REJECT	SEC_REJECT	REJECT: both reject
ro3x_alias_l23_p23_latent_builtin_name_let_bound_in_another_branch	REJECT	SEC_REJECT	SEC_REJECT	REJECT: both reject
ro3x_alias_lambda_written_in_branch_lost_twin	REJECT	SEC_REJECT	SEC_REJECT	REJECT: both reject
ro3x_alias_place_fn_write_before_shadow_lost_twin	REJECT	SEC_REJECT	SEC_REJECT	REJECT: both reject
ro3x_alias_place_fn_write_in_value_block_lost_twin	REJECT	SEC_REJECT	SEC_REJECT	REJECT: both reject
ro3x_alias_r1_leak_nested_lambda_write_over_a_field_that_held_a_lam	REJECT	SEC_REJECT	SEC_REJECT	REJECT: both reject
ro3x_alias_r2_leak_computed_index_lambda_write_then_exact_read	REJECT	SEC_REJECT	SEC_REJECT	REJECT: both reject
ro3x_alias_r7_valid_path_precise_alias_applied_in_return_element_0	ACCEPT	ACCEPT	ACCEPT	ACCEPT: both accept
ro3x_alias_r7b_leak_plain_alias_applied_inside_return	REJECT	SEC_REJECT	SEC_REJECT	REJECT: both reject
ro3x_alias_shadowed_local_in_container_as_callback_twin	REJECT	SEC_REJECT	SEC_REJECT	REJECT: both reject
ro3x_alias_user_hof_over_callback_list_twin	REJECT	SEC_REJECT	SEC_REJECT	REJECT: both reject
ro3x_alias_user_hof_via_local_alias_twin	REJECT	SEC_REJECT	SEC_REJECT	REJECT: both reject
ro3x_alias_v01_valid_branch_writes_a_pure_lambda	ACCEPT	ACCEPT	ACCEPT	ACCEPT: both accept
ro3x_alias_v02_valid_loop_carried_pure_lambda	ACCEPT	ACCEPT	ACCEPT	ACCEPT: both accept
ro3x_alias_v03_valid_value_block_field_write_of_a_pure_fn	ACCEPT	ACCEPT	ACCEPT	ACCEPT: both accept
ro3x_alias_v03c_valid_value_block_push_of_a_pure_fn	ACCEPT	ACCEPT	ACCEPT	ACCEPT: both accept
ro3x_alias_v04_valid_pure_field_write_before_a_printing_shadow	ACCEPT	ACCEPT	ACCEPT	ACCEPT: both accept
ro3x_alias_v06_valid_local_hof_alias_with_a_pure_callback	ACCEPT	ACCEPT	ACCEPT	ACCEPT: both accept
ro3x_alias_v07_valid_user_hof_alias_with_a_pure_callback	ACCEPT	ACCEPT	ACCEPT	ACCEPT: both accept
ro3x_alias_v08_valid_apply_app_pure_secret	ACCEPT	ACCEPT	ACCEPT	ACCEPT: both accept
ro3x_alias_v09_valid_call_lambda_param_bound_to_a_pure_fn	ACCEPT	ACCEPT	ACCEPT	ACCEPT: both accept
ro3x_alias_v10_valid_container_applied_formal_with_a_pure_fn	ACCEPT	ACCEPT	ACCEPT	ACCEPT: both accept
ro3x_alias_v10d_valid_formal_stored_but_never_applied	ACCEPT	ACCEPT	ACCEPT	ACCEPT: both accept
ro3x_alias_v11_valid_runall_over_pure_callbacks	ACCEPT	ACCEPT	ACCEPT	ACCEPT: both accept
ro3x_alias_v12_valid_container_pure_lambda_as_callback	ACCEPT	ACCEPT	ACCEPT	ACCEPT: both accept
ro3x_alias_v12c_valid_pattern_binder_of_the_pure_slot	ACCEPT	ACCEPT	ACCEPT	ACCEPT: both accept
ro3x_alias_v13_valid_helper_returning_a_pure_closure	ACCEPT	ACCEPT	ACCEPT	ACCEPT: both accept
ro3x_alias_v14_valid_compose_of_pure_fns	ACCEPT	ACCEPT	ACCEPT	ACCEPT: both accept
ro3x_alias_v15_valid_first_of_a_pure_list	ACCEPT	ACCEPT	ACCEPT	ACCEPT: both accept
ro3x_alias_v16b_valid_nested_shadowing_let_only	ACCEPT	ACCEPT	ACCEPT	ACCEPT: both accept
ro3x_alias_v23_valid_value_block_tail_def_p23_precision_twin	ACCEPT	ACCEPT	ACCEPT	ACCEPT: both accept
ro3x_alias_wp_leak_pop_then_push_exact_index_0	REJECT	SEC_REJECT	SEC_REJECT	REJECT: both reject
ro3x_orpat_adj_paramsink_stmt_guard_gs1	REJECT	SEC_REJECT	SEC_REJECT	REJECT: both reject
ro3x_orpat_enf_body_writes_outer_w2	REJECT	SEC_REJECT	SEC_REJECT	REJECT: both reject
ro3x_orpat_enf_egress_in_arm_e1	REJECT	SEC_REJECT	SEC_REJECT	REJECT: both reject
ro3x_orpat_enf_egress_in_value_arm_e2	REJECT	SEC_REJECT	SEC_REJECT	REJECT: both reject
ro3x_orpat_enf_failed_guard_nonbinder_write_keep_o11w	REJECT	SEC_REJECT	SEC_REJECT	REJECT: both reject
ro3x_orpat_enf_fn_value_fn1	REJECT	SEC_REJECT	SEC_REJECT	REJECT: both reject
ro3x_orpat_enf_guard_or2	REJECT	SEC_REJECT	SEC_REJECT	REJECT: both reject
ro3x_orpat_enf_guard_writes_outer_keep_og1	REJECT	SEC_REJECT	SEC_REJECT	REJECT: both reject
ro3x_orpat_enf_list_alternatives_lst1	REJECT	SEC_REJECT	SEC_REJECT	REJECT: both reject
ro3x_orpat_enf_value_block_vb2	REJECT	SEC_REJECT	SEC_REJECT	REJECT: both reject
ro3x_orpat_enf_value_position_or7	REJECT	SEC_REJECT	SEC_REJECT	REJECT: both reject
ro3x_orpat_enf_value_position_taint_or7t	REJECT	SEC_REJECT	SEC_REJECT	REJECT: both reject
ro3x_orpat_failedguard_writes_binder_old_0_runtime_prints_5_o11x	ACCEPT	ACCEPT	ACCEPT	ACCEPT: both accept
ro3x_orpat_param_body_writes_outer_w3	REJECT	SEC_REJECT	SEC_REJECT	REJECT: both reject
ro3x_orpat_param_value_position_vp	REJECT	SEC_REJECT	SEC_REJECT	REJECT: both reject
ro3x_orpat_paramsink_after_join_ps4	REJECT	SEC_REJECT	SEC_REJECT	REJECT: both reject
ro3x_orpat_paramsink_arm_ps1	REJECT	SEC_REJECT	SEC_REJECT	REJECT: both reject
ro3x_orpat_paramsink_value_block_ps3	REJECT	SEC_REJECT	SEC_REJECT	REJECT: both reject
ro3x_orpat_paramsink_value_ps2	REJECT	SEC_REJECT	SEC_REJECT	REJECT: both reject
ro3x_orpat_reg_body_writes_outer_old_1_w1	REJECT	SEC_REJECT	SEC_REJECT	REJECT: both reject
ro3x_orpat_reg_guard_writes_outer_old_1_og2	REJECT	SEC_REJECT	SEC_REJECT	REJECT: both reject
ro3x_orpat_reg_or_pattern_ret_guard_or1	REJECT	SEC_REJECT	SEC_REJECT	REJECT: both reject
ro3x_orpat_reg_or_pattern_ret_taint_or9	REJECT	SEC_REJECT	SEC_REJECT	REJECT: both reject
ro3x_orpat_ret_value_block_vb1	REJECT	SEC_REJECT	SEC_REJECT	REJECT: both reject
ro3x_orpat_ret_value_position_or6	REJECT	SEC_REJECT	SEC_REJECT	REJECT: both reject
ro3x_orpat_review_twin_o11b_o11b	ACCEPT	ACCEPT	ACCEPT	ACCEPT: both accept
ro3x_orpat_review_twin_o11c_o11c	ACCEPT	ACCEPT	ACCEPT	ACCEPT: both accept
ro3x_orpat_span_if_let_outer_b20	REJECT	SEC_REJECT	SEC_REJECT	REJECT: both reject
ro3x_orpat_span_overrefusal_old_1_prints_the_if_let_binder_3_by_con	ACCEPT	ACCEPT	ACCEPT	ACCEPT: both accept
ro3x_orpat_span_param_b2	REJECT	SEC_REJECT	SEC_REJECT	REJECT: both reject
ro3x_orpat_span_two_arms_b12	REJECT	SEC_REJECT	SEC_REJECT	REJECT: both reject
ro3x_orpat_span_while_let_b11	REJECT	SEC_REJECT	SEC_REJECT	REJECT: both reject
ro3x_orpat_twin_fn_value_fn1d	REJECT	SEC_REJECT	SEC_REJECT	REJECT: both reject
ro3x_orpat_twin_reg_taint_or9d	REJECT	SEC_REJECT	SEC_REJECT	REJECT: both reject
ro3x_orpat_twin_span_param_b2d	REJECT	SEC_REJECT	SEC_REJECT	REJECT: both reject
ro3x_orpat_twin_whole_stmt_wh1d	REJECT	SEC_REJECT	SEC_REJECT	REJECT: both reject
ro3x_orpat_twin_whole_summary_wh4d	REJECT	SEC_REJECT	SEC_REJECT	REJECT: both reject
ro3x_orpat_twin_whole_value_wh2d	REJECT	SEC_REJECT	SEC_REJECT	REJECT: both reject
ro3x_orpat_valid_bindingfree_or_guard_vt6	ACCEPT	ACCEPT	ACCEPT	ACCEPT: both accept
ro3x_orpat_valid_enf_all_alternatives_bind_vt4	ACCEPT	ACCEPT	ACCEPT	ACCEPT: both accept
ro3x_orpat_valid_enf_pub_outer_vt3	ACCEPT	ACCEPT	ACCEPT	ACCEPT: both accept
ro3x_orpat_valid_param_other_param_vt5	ACCEPT	ACCEPT	ACCEPT	ACCEPT: both accept
ro3x_orpat_valid_perf_nested_binding_or_depth12_time_it_base_23_ms	ACCEPT	ACCEPT	ACCEPT	ACCEPT: both accept
ro3x_orpat_valid_ret_all_alternatives_bind_vt2	ACCEPT	ACCEPT	ACCEPT	ACCEPT: both accept
ro3x_orpat_valid_ret_pub_outer_vt1	ACCEPT	ACCEPT	ACCEPT	ACCEPT: both accept
ro3x_orpat_valid_span_binder_body_vs3	ACCEPT	ACCEPT	ACCEPT	ACCEPT: both accept
ro3x_orpat_valid_span_for_vs1	ACCEPT	ACCEPT	ACCEPT	ACCEPT: both accept
ro3x_orpat_valid_span_param_vs2	ACCEPT	ACCEPT	ACCEPT	ACCEPT: both accept
ro3x_orpat_whole_stmt_wh1	REJECT	SEC_REJECT	SEC_REJECT	REJECT: both reject
ro3x_orpat_whole_summary_wh4	REJECT	SEC_REJECT	SEC_REJECT	REJECT: both reject
ro3x_orpat_whole_value_wh2	REJECT	SEC_REJECT	SEC_REJECT	REJECT: both reject
ro3x_push_e_arm_semi	REJECT	SEC_REJECT	SEC_REJECT	REJECT: both reject
ro3x_push_e_assign_push	REJECT	SEC_REJECT	SEC_REJECT	REJECT: both reject
ro3x_push_e_guard_push	REJECT	SEC_REJECT	SEC_REJECT	REJECT: both reject
ro3x_push_e_iflet_semi	REJECT	SEC_REJECT	SEC_REJECT	REJECT: both reject
ro3x_push_e_wl_binder_sink	REJECT	SEC_REJECT	SEC_REJECT	REJECT: both reject
ro3x_push_e_wl_scrut_sink	REJECT	SEC_REJECT	SEC_REJECT	REJECT: both reject
ro3x_push_or_elseless_if_push	ACCEPT	ACCEPT	ACCEPT	ACCEPT: both accept
ro3x_push_or_elseless_if_val	ACCEPT	ACCEPT	ACCEPT	ACCEPT: both accept
ro3x_push_or_insert_tail	ACCEPT	ACCEPT	ACCEPT	ACCEPT: both accept
ro3x_push_ps_arm_semi_push	REJECT	SEC_REJECT	SEC_REJECT	REJECT: both reject
ro3x_push_ps_for_src_sink	REJECT	SEC_REJECT	SEC_REJECT	REJECT: both reject
ro3x_push_ps_guard_push	REJECT	SEC_REJECT	SEC_REJECT	REJECT: both reject
ro3x_push_ps_guard_sink	REJECT	SEC_REJECT	SEC_REJECT	REJECT: both reject
ro3x_push_ps_ifcond_push	REJECT	SEC_REJECT	SEC_REJECT	REJECT: both reject
ro3x_push_ps_iflet_tail_push	REJECT	SEC_REJECT	SEC_REJECT	REJECT: both reject
ro3x_push_ps_vb_tail	REJECT	SEC_REJECT	SEC_REJECT	REJECT: both reject
ro3x_push_ps_vb_tail2	REJECT	SEC_REJECT	SEC_REJECT	REJECT: both reject
ro3x_push_ps_vblock_assign	REJECT	SEC_REJECT	SEC_REJECT	REJECT: both reject
ro3x_push_ps_vblock_push	REJECT	SEC_REJECT	SEC_REJECT	REJECT: both reject
ro3x_push_pv1	REJECT	SEC_REJECT	SEC_REJECT	REJECT: both reject
ro3x_push_pv2	REJECT	SEC_REJECT	SEC_REJECT	REJECT: both reject
ro3x_push_pv3	REJECT	SEC_REJECT	SEC_REJECT	REJECT: both reject
ro3x_push_pv4	REJECT	SEC_REJECT	SEC_REJECT	REJECT: both reject
ro3x_push_pv5	REJECT	SEC_REJECT	SEC_REJECT	REJECT: both reject
ro3x_push_r_j2g	REJECT	SEC_REJECT	SEC_REJECT	REJECT: both reject
ro3x_push_r_j2i	REJECT	SEC_REJECT	SEC_REJECT	REJECT: both reject
ro3x_push_r_m1i	REJECT	SEC_REJECT	SEC_REJECT	REJECT: both reject
ro3x_push_r_m2	REJECT	SEC_REJECT	SEC_REJECT	REJECT: both reject
ro3x_push_r_m3	REJECT	SEC_REJECT	SEC_REJECT	REJECT: both reject
ro3x_push_r_m4	REJECT	SEC_REJECT	SEC_REJECT	REJECT: both reject
ro3x_push_r_m5	REJECT	SEC_REJECT	SEC_REJECT	REJECT: both reject
ro3x_push_r_m6	REJECT	SEC_REJECT	SEC_REJECT	REJECT: both reject
ro3x_push_r_t2	REJECT	SEC_REJECT	SEC_REJECT	REJECT: both reject
ro3x_push_r_t3	REJECT	SEC_REJECT	SEC_REJECT	REJECT: both reject
ro3x_push_r_t7i	REJECT	SEC_REJECT	SEC_REJECT	REJECT: both reject
ro3x_push_r_t7p	REJECT	SEC_REJECT	SEC_REJECT	REJECT: both reject
ro3x_push_r_vb1	REJECT	SEC_REJECT	SEC_REJECT	REJECT: both reject
ro3x_push_r_vb2	REJECT	SEC_REJECT	SEC_REJECT	REJECT: both reject
ro3x_push_r_w2	REJECT	SEC_REJECT	SEC_REJECT	REJECT: both reject
ro3x_push_r_w3	REJECT	SEC_REJECT	SEC_REJECT	REJECT: both reject
ro3x_push_va1	ACCEPT	ACCEPT	ACCEPT	ACCEPT: both accept
ro3x_push_va2	ACCEPT	ACCEPT	SEC_REJECT	ACCEPT: v2 accepts a lanes over-refusal
ro3x_push_va3	ACCEPT	ACCEPT	ACCEPT	ACCEPT: both accept
ro3x_push_vb1p	ACCEPT	ACCEPT	ACCEPT	ACCEPT: both accept
ro3x_push_vb2p	ACCEPT	ACCEPT	ACCEPT	ACCEPT: both accept
ro3x_push_vc1	ACCEPT	ACCEPT	ACCEPT	ACCEPT: both accept
ro3x_push_vc2	ACCEPT	ACCEPT	ACCEPT	ACCEPT: both accept
ro3x_push_vd1	ACCEPT	ACCEPT	ACCEPT	ACCEPT: both accept
ro3x_push_vd2	ACCEPT	ACCEPT	ACCEPT	ACCEPT: both accept
ro3x_push_ve2	ACCEPT	ACCEPT	ACCEPT	ACCEPT: both accept
ro3x_push_ve3	ACCEPT	ACCEPT	ACCEPT	ACCEPT: both accept
ro3x_push_ve4	ACCEPT	ACCEPT	ACCEPT	ACCEPT: both accept
ro3x_push_ve5	ACCEPT	ACCEPT	ACCEPT	ACCEPT: both accept
ro3x_push_ve6	ACCEPT	ACCEPT	ACCEPT	ACCEPT: both accept
ro3x_push_vf1	ACCEPT	ACCEPT	ACCEPT	ACCEPT: both accept
ro3x_push_vf2	ACCEPT	ACCEPT	ACCEPT	ACCEPT: both accept
ro3x_push_vf3	ACCEPT	ACCEPT	ACCEPT	ACCEPT: both accept
ro3x_push_vg1	ACCEPT	ACCEPT	ACCEPT	ACCEPT: both accept
ro3x_push_vg2	ACCEPT	ACCEPT	ACCEPT	ACCEPT: both accept
ro3x_push_vg3	ACCEPT	ACCEPT	ACCEPT	ACCEPT: both accept
ro3x_push_vg4	ACCEPT	ACCEPT	ACCEPT	ACCEPT: both accept
ro3x_push_vg5	ACCEPT	ACCEPT	ACCEPT	ACCEPT: both accept
ro3x_push_vg6	ACCEPT	ACCEPT	ACCEPT	ACCEPT: both accept
ro3x_push_vg7	ACCEPT	ACCEPT	ACCEPT	ACCEPT: both accept
ro3x_push_vg8	ACCEPT	ACCEPT	ACCEPT	ACCEPT: both accept
ro3x_push_w5_wl_shadow_scrut_write	REJECT	SEC_REJECT	SEC_REJECT	REJECT: both reject
ro3y_perf_p5_scrut_10	ACCEPT	ACCEPT	ACCEPT	ACCEPT: both accept
rv10_valid_range_alias	ACCEPT	ACCEPT	UNDECIDED	ACCEPT: v2 accepts a lanes over-refusal
rv10_valid_range_negative_step	ACCEPT	ACCEPT	UNDECIDED	ACCEPT: v2 accepts a lanes over-refusal
rv10_valid_range_three_arg	ACCEPT	ACCEPT	UNDECIDED	ACCEPT: v2 accepts a lanes over-refusal
rv10_whole_struct_main_B1	REJECT	SEC_REJECT	SEC_REJECT	REJECT: both reject
rv10_whole_struct_main_B2	REJECT	SEC_REJECT	SEC_REJECT	REJECT: both reject
rv10_whole_struct_main_B5	REJECT	SEC_REJECT	SEC_REJECT	REJECT: both reject
rv10_whole_struct_param_A13	REJECT	SEC_REJECT	SEC_REJECT	REJECT: both reject
rv11_struct_string_index_first_field	ACCEPT	ACCEPT	ACCEPT	ACCEPT: both accept
rv11_struct_string_index_let	ACCEPT	ACCEPT	ACCEPT	ACCEPT: both accept
rv11_struct_string_index_public_key	ACCEPT	ACCEPT	ACCEPT	ACCEPT: both accept
rv11_valid_list_passed_to_user_fn	ACCEPT	ACCEPT	ACCEPT	ACCEPT: both accept
rv11_valid_range_untyped_formal_bound	ACCEPT	ACCEPT	UNDECIDED	ACCEPT: v2 accepts a lanes over-refusal
rv11_valid_sort_returns_new_list	ACCEPT	ACCEPT	ACCEPT	ACCEPT: both accept
rv12_map_entry_assigned_whole_struct	REJECT	SEC_REJECT	SEC_REJECT	REJECT: both reject
rv12_strindex_unknown_base	ACCEPT	ACCEPT	ACCEPT	ACCEPT: both accept
rv12_valid_formal_map_key_named_like_secret_field	ACCEPT	ACCEPT	SEC_REJECT	ACCEPT: v2 accepts a lanes over-refusal
rv12_valid_map_key_named_like_secret_field	ACCEPT	ACCEPT	SEC_REJECT	ACCEPT: v2 accepts a lanes over-refusal
rv13_valid_assign_elem_then_other_elem_refused	ACCEPT	ACCEPT	ACCEPT	ACCEPT: both accept
rv13_valid_assign_overwrite_monotone_refused	ACCEPT	ACCEPT	SEC_REJECT	ACCEPT: v2 accepts a lanes over-refusal
rv14_map_dot_access_whole_struct	REJECT	SEC_REJECT	SEC_REJECT	REJECT: both reject
rv14_map_values_whole_struct	REJECT	SEC_REJECT	SEC_REJECT	REJECT: both reject
rv14_reentry_assigned_local_secret	REJECT	SEC_REJECT	SEC_REJECT	REJECT: both reject
rv14_reentry_secret_via_helper_call	REJECT	SEC_REJECT	SEC_REJECT	REJECT: both reject
rv14_whole_struct_W15	REJECT	SEC_REJECT	SEC_REJECT	REJECT: both reject
rv14_whole_struct_W18	REJECT	SEC_REJECT	SEC_REJECT	REJECT: both reject
rv14_whole_struct_W7	REJECT	SEC_REJECT	SEC_REJECT	REJECT: both reject
rv14_whole_struct_W8	REJECT	SEC_REJECT	SEC_REJECT	REJECT: both reject
rv14_whole_struct_main_B3	REJECT	SEC_REJECT	SEC_REJECT	REJECT: both reject
rv14_whole_struct_main_B4	REJECT	SEC_REJECT	SEC_REJECT	REJECT: both reject
rv14_whole_struct_param_A11	REJECT	SEC_REJECT	SEC_REJECT	REJECT: both reject
rv14_whole_struct_param_A2	REJECT	SEC_REJECT	SEC_REJECT	REJECT: both reject
rv14_whole_struct_param_A3	REJECT	SEC_REJECT	SEC_REJECT	REJECT: both reject
rv14_whole_struct_param_A5	REJECT	SEC_REJECT	SEC_REJECT	REJECT: both reject
rv14_whole_struct_param_A6	REJECT	SEC_REJECT	SEC_REJECT	REJECT: both reject
rv14_whole_struct_param_A7	REJECT	SEC_REJECT	SEC_REJECT	REJECT: both reject
rv14_whole_struct_param_A8	REJECT	SEC_REJECT	SEC_REJECT	REJECT: both reject
rv15_reentry_method_value	REJECT	SEC_REJECT	SEC_REJECT	REJECT: both reject
rv15_reentry_two_level_helper	REJECT	SEC_REJECT	SEC_REJECT	REJECT: both reject
rv15_valid_for_var_method_named_like_field	ACCEPT	ACCEPT	ACCEPT	ACCEPT: both accept
rv15_valid_iflet_method_named_like_field	ACCEPT	ACCEPT	ACCEPT	ACCEPT: both accept
rv15_valid_map_entry_method_named_like_field	ACCEPT	ACCEPT	ACCEPT	ACCEPT: both accept
rv15_valid_map_lambda_method_named_like_field	ACCEPT	ACCEPT	ACCEPT	ACCEPT: both accept
rv15_valid_scan_declassified_call	ACCEPT	ACCEPT	ACCEPT	ACCEPT: both accept
rv15_valid_scan_declassified_call_param	ACCEPT	ACCEPT	ACCEPT	ACCEPT: both accept
rv16_valid_method_chain_40	ACCEPT	ACCEPT	ACCEPT	ACCEPT: both accept
rv17_helper_local_secret	REJECT	SEC_REJECT	SEC_REJECT	REJECT: both reject
rv17_valid_builder_formal_plain_value	ACCEPT	ACCEPT	UNDECIDED	ACCEPT: v2 accepts a lanes over-refusal
rv17_valid_dynamic_key_map_write_wildcard	ACCEPT	ACCEPT	ACCEPT	ACCEPT: both accept
rv17_valid_field_from_plain_local	ACCEPT	ACCEPT	ACCEPT	ACCEPT: both accept
rv17_valid_loop_map_write_wildcard	ACCEPT	ACCEPT	ACCEPT	ACCEPT: both accept
rv17_valid_map_write_of_method_result	ACCEPT	ACCEPT	ACCEPT	ACCEPT: both accept
rv18_valid_method_local_declassified_secret	ACCEPT	ACCEPT	ACCEPT	ACCEPT: both accept
rv19_helper_assigned_local_secret	REJECT	SEC_REJECT	SEC_REJECT	REJECT: both reject
rv19_helper_for_binder_secret	REJECT	SEC_REJECT	SEC_REJECT	REJECT: both reject
rv19_helper_local_chain_secret	REJECT	SEC_REJECT	SEC_REJECT	REJECT: both reject
rv19_helper_map_entry_secret	REJECT	SEC_REJECT	SEC_REJECT	REJECT: both reject
rv19_helper_pushed_secret	REJECT	SEC_REJECT	SEC_REJECT	REJECT: both reject
rv19_valid_field_from_other_struct_field	ACCEPT	ACCEPT	ACCEPT	ACCEPT: both accept
rv19_valid_index_by_id_field_value	ACCEPT	ACCEPT	ACCEPT	ACCEPT: both accept
rv19_valid_map_value_from_field_read	ACCEPT	ACCEPT	ACCEPT	ACCEPT: both accept
rv19_valid_struct_from_swapped_fields	ACCEPT	ACCEPT	ACCEPT	ACCEPT: both accept
rv20_helper_map_hof_secret	REJECT	SEC_REJECT	SEC_REJECT	REJECT: both reject
rv20_helper_map_values_secret	REJECT	SEC_REJECT	SEC_REJECT	REJECT: both reject
rv21_reentry_secret_via_called_formal_arg	REJECT	SEC_REJECT	SEC_REJECT	REJECT: both reject
rv21_reentry_secret_via_called_formal_depth3	REJECT	SEC_REJECT	SEC_REJECT	REJECT: both reject
rv21_reentry_secret_via_called_formal_helper	REJECT	SEC_REJECT	SEC_REJECT	REJECT: both reject
rv21_valid_helper_value_unused_O1	ACCEPT	ACCEPT	SEC_REJECT	ACCEPT: v2 accepts a lanes over-refusal
rv21_valid_helper_value_unused_O2	ACCEPT	ACCEPT	SEC_REJECT	ACCEPT: v2 accepts a lanes over-refusal
rv21_valid_helper_value_unused_O5	ACCEPT	ACCEPT	SEC_REJECT	ACCEPT: v2 accepts a lanes over-refusal
rv22_budget_exhaustion_600_stmt_main	REJECT	SEC_REJECT	SEC_REJECT	REJECT: both reject
rv22_budget_exhaustion_hides_early_return_secret	REJECT	SEC_REJECT	SEC_REJECT	REJECT: both reject
rv22_called_formal_helper_via_caller_local	REJECT	SEC_REJECT	SEC_REJECT	REJECT: both reject
rv22_depth3_rotation_via_caller_local	REJECT	SEC_REJECT	SEC_REJECT	REJECT: both reject
rv22_rotation_secret_via_caller_local	REJECT	SEC_REJECT	SEC_REJECT	REJECT: both reject
rv22_valid_busy_function_fn_value_call	ACCEPT	ACCEPT	ACCEPT	ACCEPT: both accept
rv23_memo_literal_index	REJECT	SEC_REJECT	SEC_REJECT	REJECT: both reject
rv23_memo_literal_key	REJECT	SEC_REJECT	SEC_REJECT	REJECT: both reject
rv23_valid_busy_function_distinct_queries	ACCEPT	ACCEPT	ACCEPT	ACCEPT: both accept
rv23_valid_busy_function_distinct_queries_2	ACCEPT	ACCEPT	ACCEPT	ACCEPT: both accept
rv24_get_on_list_of_secret_structs	REJECT	SEC_REJECT	SEC_REJECT	REJECT: both reject
rv24_valid_get_on_struct_secret_key	ACCEPT	ACCEPT	ACCEPT	ACCEPT: both accept
rv24_whole2_B1	REJECT	SEC_REJECT	SEC_REJECT	REJECT: both reject
rv24_whole2_B11	REJECT	SEC_REJECT	SEC_REJECT	REJECT: both reject
rv24_whole2_B12	REJECT	SEC_REJECT	SEC_REJECT	REJECT: both reject
rv24_whole2_B13	REJECT	SEC_REJECT	SEC_REJECT	REJECT: both reject
rv24_whole2_B14	REJECT	SEC_REJECT	SEC_REJECT	REJECT: both reject
rv24_whole2_B16	REJECT	SEC_REJECT	SEC_REJECT	REJECT: both reject
rv24_whole2_B18	REJECT	SEC_REJECT	SEC_REJECT	REJECT: both reject
rv24_whole2_B20	REJECT	SEC_REJECT	SEC_REJECT	REJECT: both reject
rv24_whole2_B21	REJECT	SEC_REJECT	SEC_REJECT	REJECT: both reject
rv24_whole2_B3	REJECT	SEC_REJECT	SEC_REJECT	REJECT: both reject
rv24_whole2_B5	REJECT	SEC_REJECT	SEC_REJECT	REJECT: both reject
rv24_whole2_B6	REJECT	SEC_REJECT	SEC_REJECT	REJECT: both reject
rv24_whole2_B7	REJECT	SEC_REJECT	SEC_REJECT	REJECT: both reject
rv24_whole2_B8	REJECT	SEC_REJECT	SEC_REJECT	REJECT: both reject
rv24_whole2_F10	REJECT	SEC_REJECT	SEC_REJECT	REJECT: both reject
rv24_whole_struct_closure_arg_via_aliases	REJECT	SEC_REJECT	SEC_REJECT	REJECT: both reject
rv25_valid_apply_pub_field	ACCEPT	ACCEPT	ACCEPT	ACCEPT: both accept
rv25_valid_block_lambda_alias_pub_field	ACCEPT	ACCEPT	ACCEPT	ACCEPT: both accept
rv25_valid_block_lambda_pub_let	ACCEPT	ACCEPT	ACCEPT	ACCEPT: both accept
rv25_valid_drop_then_pub_field	ACCEPT	ACCEPT	ACCEPT	ACCEPT: both accept
rv25_valid_len_chunk_window	ACCEPT	ACCEPT	ACCEPT	ACCEPT: both accept
rv25_valid_len_enumerate_zip	ACCEPT	ACCEPT	ACCEPT	ACCEPT: both accept
rv25_valid_reduce_sum_pub	ACCEPT	ACCEPT	ACCEPT	ACCEPT: both accept
rv25_valid_repeat_pub_field	ACCEPT	ACCEPT	ACCEPT	ACCEPT: both accept
rv25_whole_apply_identity	REJECT	SEC_REJECT	SEC_REJECT	REJECT: both reject
rv25_whole_block_lambda_alias	REJECT	SEC_REJECT	SEC_REJECT	REJECT: both reject
rv25_whole_chunk	REJECT	SEC_REJECT	SEC_REJECT	REJECT: both reject
rv25_whole_drop	REJECT	SEC_REJECT	SEC_REJECT	REJECT: both reject
rv25_whole_enumerate	REJECT	SEC_REJECT	SEC_REJECT	REJECT: both reject
rv25_whole_reduce_init_callback	REJECT	SEC_REJECT	SEC_REJECT	REJECT: both reject
rv25_whole_reduce_no_init	REJECT	SEC_REJECT	SEC_REJECT	REJECT: both reject
rv25_whole_repeat	REJECT	SEC_REJECT	SEC_REJECT	REJECT: both reject
rv25_whole_window	REJECT	SEC_REJECT	SEC_REJECT	REJECT: both reject
rv25_whole_zip	REJECT	SEC_REJECT	SEC_REJECT	REJECT: both reject
rv26_any_render	REJECT	SEC_REJECT	SEC_REJECT	REJECT: both reject
rv26_call	REJECT	SEC_REJECT	SEC_REJECT	REJECT: both reject
rv26_compose_call	REJECT	SEC_REJECT	SEC_REJECT	REJECT: both reject
rv26_contains_str	REJECT	SEC_REJECT	SEC_REJECT	REJECT: both reject
rv26_count_render	REJECT	SEC_REJECT	SEC_REJECT	REJECT: both reject
rv26_entries	REJECT	SEC_REJECT	SEC_REJECT	REJECT: both reject
rv26_eq_whole	REJECT	SEC_REJECT	SEC_REJECT	REJECT: both reject
rv26_for_sort_pub	REJECT	SEC_REJECT	SEC_REJECT	REJECT: both reject
rv26_helper_render_len	REJECT	SEC_REJECT	SEC_REJECT	REJECT: both reject
rv26_if_value_cond	REJECT	SEC_REJECT	SEC_REJECT	REJECT: both reject
rv26_index_of_str	REJECT	SEC_REJECT	SEC_REJECT	REJECT: both reject
rv26_len_filter_render	REJECT	SEC_REJECT	SEC_REJECT	REJECT: both reject
rv26_len_str	REJECT	SEC_REJECT	SEC_REJECT	REJECT: both reject
rv26_len_str_let	REJECT	SEC_REJECT	SEC_REJECT	REJECT: both reject
rv26_lower	REJECT	SEC_REJECT	SEC_REJECT	REJECT: both reject
rv26_map_first_list	REJECT	SEC_REJECT	SEC_REJECT	REJECT: both reject
rv26_map_values	REJECT	SEC_REJECT	SEC_REJECT	REJECT: both reject
rv26_max_list	REJECT	SEC_REJECT	SEC_REJECT	REJECT: both reject
rv26_max_pair	REJECT	SEC_REJECT	SEC_REJECT	REJECT: both reject
rv26_max_pubfield	REJECT	SEC_REJECT	SEC_REJECT	REJECT: both reject
rv26_merge	REJECT	SEC_REJECT	SEC_REJECT	REJECT: both reject
rv26_min_list	REJECT	SEC_REJECT	SEC_REJECT	REJECT: both reject
rv26_remove	REJECT	SEC_REJECT	SEC_REJECT	REJECT: both reject
rv26_replace	REJECT	SEC_REJECT	SEC_REJECT	REJECT: both reject
rv26_sha256	REJECT	SEC_REJECT	SEC_REJECT	REJECT: both reject
rv26_sort_by_whole	REJECT	SEC_REJECT	SEC_REJECT	REJECT: both reject
rv26_sort_order	REJECT	SEC_REJECT	SEC_REJECT	REJECT: both reject
rv26_split	REJECT	SEC_REJECT	SEC_REJECT	REJECT: both reject
rv26_starts_with	REJECT	SEC_REJECT	SEC_REJECT	REJECT: both reject
rv26_substr	REJECT	SEC_REJECT	SEC_REJECT	REJECT: both reject
rv26_times	REJECT	SEC_REJECT	SEC_REJECT	REJECT: both reject
rv26_trim	REJECT	SEC_REJECT	SEC_REJECT	REJECT: both reject
rv26_unique_len	REJECT	SEC_REJECT	SEC_REJECT	REJECT: both reject
rv26_upper	REJECT	SEC_REJECT	SEC_REJECT	REJECT: both reject
rv26_valid_any_pub	ACCEPT	ACCEPT	ACCEPT	ACCEPT: both accept
rv26_valid_each	ACCEPT	ACCEPT	ACCEPT	ACCEPT: both accept
rv26_valid_filter_len_pub	ACCEPT	ACCEPT	ACCEPT	ACCEPT: both accept
rv26_valid_has_key	ACCEPT	ACCEPT	ACCEPT	ACCEPT: both accept
rv26_valid_iflet_pubfield	ACCEPT	ACCEPT	ACCEPT	ACCEPT: both accept
rv26_valid_keys	ACCEPT	ACCEPT	ACCEPT	ACCEPT: both accept
rv26_valid_len_list	ACCEPT	ACCEPT	ACCEPT	ACCEPT: both accept
rv26_valid_maxby_pub	ACCEPT	ACCEPT	ACCEPT	ACCEPT: both accept
rv26_valid_type	ACCEPT	ACCEPT	ACCEPT	ACCEPT: both accept
rv26_whole3_block_let_alias	REJECT	SEC_REJECT	SEC_REJECT	REJECT: both reject
rv26_whole3_block_push	REJECT	SEC_REJECT	SEC_REJECT	REJECT: both reject
rv26_whole3_match_lit	REJECT	SEC_REJECT	SEC_REJECT	REJECT: both reject
rv26_zip2	REJECT	SEC_REJECT	SEC_REJECT	REJECT: both reject
rv27_l10_iflet_value_binder	REJECT	SEC_REJECT	SEC_REJECT	REJECT: both reject
rv27_l11_iflet_value_binder_computed	REJECT	SEC_REJECT	SEC_REJECT	REJECT: both reject
rv27_l12_built_iflet_binder	REJECT	SEC_REJECT	SEC_REJECT	REJECT: both reject
rv27_l13_built_match_binder_return	REJECT	SEC_REJECT	SEC_REJECT	REJECT: both reject
rv27_l15_implicit_range_bound	REJECT	SEC_REJECT	SEC_REJECT	REJECT: both reject
rv27_l17_declared_field_type_trusted	REJECT	SEC_REJECT	SEC_REJECT	REJECT: both reject
rv27_l18_generic_field_type_trusted	REJECT	SEC_REJECT	SEC_REJECT	REJECT: both reject
rv27_l19_closure_capture_formal_returned	REJECT	SEC_REJECT	SEC_REJECT	REJECT: both reject
rv27_l1_branch_join_drops_whole_mark	REJECT	SEC_REJECT	SEC_REJECT	REJECT: both reject
rv27_l1_plus_nonliteral_string_keeps_value	REJECT	SEC_REJECT	SEC_REJECT	REJECT: both reject
rv27_l1b_regression_map_len_over_plus	REJECT	SEC_REJECT	SEC_REJECT	REJECT: both reject
rv27_l20_built_closure_returned	REJECT	SEC_REJECT	SEC_REJECT	REJECT: both reject
rv27_l2_has_key_get_remove_key_display_string	REJECT	SEC_REJECT	SEC_REJECT	REJECT: both reject
rv27_l2_monotone_upgrade_lost_in_branch	REJECT	SEC_REJECT	SEC_REJECT	REJECT: both reject
rv27_l3_struct_positional_index_is_field_not_element	REJECT	SEC_REJECT	SEC_REJECT	REJECT: both reject
rv27_l3_structpat_nested_whole	REJECT	SEC_REJECT	SEC_REJECT	REJECT: both reject
rv27_l4_egress_inside_callback_param_unchecked	REJECT	SEC_REJECT	SEC_REJECT	REJECT: both reject
rv27_l4_structpat_computed_field	REJECT	SEC_REJECT	SEC_REJECT	REJECT: both reject
rv27_l5_fn_summary_structpat_return	REJECT	SEC_REJECT	SEC_REJECT	REJECT: both reject
rv27_l6_fn_egress_structpat	REJECT	SEC_REJECT	SEC_REJECT	REJECT: both reject
rv27_l7_built_structpat	REJECT	SEC_REJECT	SEC_REJECT	REJECT: both reject
rv27_l8_whilelet_binder_main	REJECT	SEC_REJECT	SEC_REJECT	REJECT: both reject
rv27_l9_whilelet_binder_fn_egress	REJECT	SEC_REJECT	SEC_REJECT	REJECT: both reject
rv27_leak_1_summary_shape_drops_computed_actual	REJECT	SEC_REJECT	SEC_REJECT	REJECT: both reject
rv27_leak_2_summary_shape_filter_count	REJECT	SEC_REJECT	SEC_REJECT	REJECT: both reject
rv27_leak_3_summary_field_read_drops_computed_actual	REJECT	SEC_REJECT	SEC_REJECT	REJECT: both reject
rv27_leak_4_method_field_read_on_computed_receiver	REJECT	SEC_REJECT	SEC_REJECT	REJECT: both reject
rv27_leak_5_local_closure_field_read_on_computed_arg	REJECT	SEC_REJECT	SEC_REJECT	REJECT: both reject
rv27_leak_6_local_closure_len_of_rendering	REJECT	SEC_REJECT	SEC_REJECT	REJECT: both reject
rv27_leak_7_method_len_of_rendering_arg	REJECT	SEC_REJECT	SEC_REJECT	REJECT: both reject
rv27_leak_8_param_egress_field_read_of_computed_actual	REJECT	SEC_REJECT	SEC_REJECT	REJECT: both reject
rv27_leak_9_param_egress_len_of_rendering	REJECT	SEC_REJECT	SEC_REJECT	REJECT: both reject
rv27_s1_assign_computed_map_key	REJECT	SEC_REJECT	SEC_REJECT	REJECT: both reject
rv27_s1_map_index_assign_key_untracked	REJECT	SEC_REJECT	SEC_REJECT	REJECT: both reject
rv27_s2_assign_computed_position	REJECT	SEC_REJECT	SEC_REJECT	REJECT: both reject
rv27_s2_list_index_assign_with_secret_index	REJECT	SEC_REJECT	SEC_REJECT	REJECT: both reject
rv27_s3_fn_egress_computed_key	REJECT	SEC_REJECT	SEC_REJECT	REJECT: both reject
rv27_s3_statement_remove_with_secret_index	REJECT	SEC_REJECT	SEC_REJECT	REJECT: both reject
rv27_s4_match_guard	REJECT	SEC_REJECT	SEC_REJECT	REJECT: both reject
rv27_s5_whilelet_assign_fn_egress	REJECT	SEC_REJECT	SEC_REJECT	REJECT: both reject
rv27_s6_built_whilelet_return	REJECT	SEC_REJECT	SEC_REJECT	REJECT: both reject
rv27_valid_o1_concat_classified_computed	ACCEPT	ACCEPT	ACCEPT	ACCEPT: both accept
rv27_valid_o1_struct_other_field_after_computed_literal	ACCEPT	ACCEPT	ACCEPT	ACCEPT: both accept
rv27_valid_o2_enumerate_zip_entries_pair_index	ACCEPT	ACCEPT	ACCEPT	ACCEPT: both accept
rv27_valid_o2_struct_other_field_after_field_set	ACCEPT	ACCEPT	ACCEPT	ACCEPT: both accept
rv27_valid_o3_shape_of_computed_by_design	ACCEPT	ACCEPT	ACCEPT	ACCEPT: both accept
rv27_valid_o3_struct_other_field_list_of_rendering	ACCEPT	ACCEPT	ACCEPT	ACCEPT: both accept
rv27_valid_o4_len_after_monotone_upgrade	ACCEPT	ACCEPT	ACCEPT	ACCEPT: both accept
rv27_valid_o5_pubfield_after_monotone_upgrade	ACCEPT	ACCEPT	SEC_REJECT	ACCEPT: v2 accepts a lanes over-refusal
rv27_valid_o6_other_elem_after_index_assign	ACCEPT	ACCEPT	ACCEPT	ACCEPT: both accept
rv27_valid_or_f1a_local_closure_called_inside_map_callback	ACCEPT	ACCEPT	ACCEPT	ACCEPT: both accept
rv27_valid_or_f1b_nested_local_closure_direct_call	ACCEPT	ACCEPT	ACCEPT	ACCEPT: both accept
rv27_valid_or_f1c_realistic_account_report	ACCEPT	ACCEPT	ACCEPT	ACCEPT: both accept
rv27_valid_or_f2a_hof_helper_calls_formal_fn	ACCEPT	ACCEPT	ACCEPT	ACCEPT: both accept
rv27_valid_or_f2b_hof_helper_egress_param	ACCEPT	ACCEPT	ACCEPT	ACCEPT: both accept
rv27_valid_or_f2c_local_closure_inside_helper_body	ACCEPT	ACCEPT	ACCEPT	ACCEPT: both accept
rv27_valid_or_f3a_lambda_param_shadows_outer_struct	ACCEPT	ACCEPT	ACCEPT	ACCEPT: both accept
rv27_valid_or_f3b_realistic_shadow_upper	ACCEPT	ACCEPT	ACCEPT	ACCEPT: both accept
rv27_valid_or_f4a_concat_len	ACCEPT	ACCEPT	ACCEPT	ACCEPT: both accept
rv27_valid_or_f4b_realistic_concat	ACCEPT	ACCEPT	ACCEPT	ACCEPT: both accept
rv27_valid_or_f4c_len_of_sort	ACCEPT	ACCEPT	ACCEPT	ACCEPT: both accept
rv27_valid_or_f5a_compare_list_with_empty_literal	ACCEPT	ACCEPT	ACCEPT	ACCEPT: both accept
rv27_valid_or_f5b_realistic_empty_check	ACCEPT	ACCEPT	ACCEPT	ACCEPT: both accept
rv27_valid_or_f6a_enumerate_index_slot	ACCEPT	ACCEPT	ACCEPT	ACCEPT: both accept
rv27_valid_or_f6b_realistic_enumerate	ACCEPT	ACCEPT	ACCEPT	ACCEPT: both accept
rv27_valid_or_f6c_enumerate_into_helper_egress	ACCEPT	ACCEPT	ACCEPT	ACCEPT: both accept
rv27_valid_or_f7_compose_returned_closure	ACCEPT	ACCEPT	SEC_REJECT	ACCEPT: v2 accepts a lanes over-refusal
rv27_valid_w11_ip_o01	ACCEPT	ACCEPT	ACCEPT	ACCEPT: both accept
rv27_valid_w11_ip_o02	ACCEPT	ACCEPT	ACCEPT	ACCEPT: both accept
rv27_valid_w11_ip_o03	ACCEPT	ACCEPT	ACCEPT	ACCEPT: both accept
rv27_valid_w11_ip_o04	ACCEPT	ACCEPT	ACCEPT	ACCEPT: both accept
rv27_valid_w11_ip_o05	ACCEPT	ACCEPT	ACCEPT	ACCEPT: both accept
rv27_valid_w11_ip_o06	ACCEPT	ACCEPT	ACCEPT	ACCEPT: both accept
rv27_valid_w11_ip_o07	ACCEPT	ACCEPT	ACCEPT	ACCEPT: both accept
rv27_valid_w11_ip_o08	ACCEPT	ACCEPT	ACCEPT	ACCEPT: both accept
rv27_valid_w11_ip_o09	ACCEPT	ACCEPT	ACCEPT	ACCEPT: both accept
rv27_valid_w11_ip_o10	ACCEPT	ACCEPT	SEC_REJECT	ACCEPT: v2 accepts a lanes over-refusal
rv27_valid_w11_ip_o11	ACCEPT	ACCEPT	SEC_REJECT	ACCEPT: v2 accepts a lanes over-refusal
rv27_valid_w11_ip_o12	ACCEPT	ACCEPT	ACCEPT	ACCEPT: both accept
rv27_w11_ip_l01	REJECT	SEC_REJECT	SEC_REJECT	REJECT: both reject
rv27_w11_ip_l02	REJECT	SEC_REJECT	SEC_REJECT	REJECT: both reject
rv27_w11_ip_l03	REJECT	SEC_REJECT	SEC_REJECT	REJECT: both reject
rv27_w11_ip_l04	REJECT	SEC_REJECT	SEC_REJECT	REJECT: both reject
rv27_w11_ip_l05	REJECT	SEC_REJECT	SEC_REJECT	REJECT: both reject
rv27_w11_ip_l06	REJECT	SEC_REJECT	SEC_REJECT	REJECT: both reject
rv27_w11_ip_l07	REJECT	SEC_REJECT	SEC_REJECT	REJECT: both reject
rv27_w11_ip_l08	REJECT	SEC_REJECT	SEC_REJECT	REJECT: both reject
rv27_w11_ip_l09	REJECT	SEC_REJECT	SEC_REJECT	REJECT: both reject
rv27_w11_ip_l10	REJECT	SEC_REJECT	SEC_REJECT	REJECT: both reject
rv27_w11_ip_l13	REJECT	SEC_REJECT	SEC_REJECT	REJECT: both reject
rv27_w11_ip_l14	REJECT	SEC_REJECT	SEC_REJECT	REJECT: both reject
rv27_w11_ip_l15	REJECT	SEC_REJECT	SEC_REJECT	REJECT: both reject
rv27_w11_ip_l16	REJECT	SEC_REJECT	SEC_REJECT	REJECT: both reject
rv27_w11_ip_l17	REJECT	SEC_REJECT	SEC_REJECT	REJECT: both reject
rv27_w11_ip_l18	REJECT	SEC_REJECT	SEC_REJECT	REJECT: both reject
rv27_w11_ip_l19	REJECT	SEC_REJECT	SEC_REJECT	REJECT: both reject
rv27_w11_ip_l20	REJECT	SEC_REJECT	SEC_REJECT	REJECT: both reject
rv27_w11_ip_l21	REJECT	SEC_REJECT	SEC_REJECT	REJECT: both reject
rv27_w11_ip_l22	REJECT	SEC_REJECT	SEC_REJECT	REJECT: both reject
rv27_w11_ip_l23	REJECT	SEC_REJECT	SEC_REJECT	REJECT: both reject
rv27_w11_ip_l24	REJECT	SEC_REJECT	SEC_REJECT	REJECT: both reject
rv27_w11_ip_l25	REJECT	SEC_REJECT	SEC_REJECT	REJECT: both reject
rv27_w11_ip_l26	REJECT	SEC_REJECT	SEC_REJECT	REJECT: both reject
rv27_w11_ip_s01	REJECT	SEC_REJECT	SEC_REJECT	REJECT: both reject
rv27_w11_ip_s02	REJECT	SEC_REJECT	SEC_REJECT	REJECT: both reject
rv27_w11_ip_s03	REJECT	SEC_REJECT	SEC_REJECT	REJECT: both reject
rv27_w11_ip_s04	REJECT	SEC_REJECT	SEC_REJECT	REJECT: both reject
rv27_w11_ip_s05	REJECT	SEC_REJECT	SEC_REJECT	REJECT: both reject
rv28_leak_1_egress_past_call_depth	REJECT	SEC_REJECT	SEC_REJECT	REJECT: both reject
rv28_leak_2_let_shadow_last_wins	REJECT	SEC_REJECT	SEC_REJECT	REJECT: both reject
rv28_leak_3_shadow_hides_egress	REJECT	SEC_REJECT	SEC_REJECT	REJECT: both reject
rv28_leak_4_loop_var_reuse	REJECT	SEC_REJECT	SEC_REJECT	REJECT: both reject
rv28_leak_5_stale_memo_fixpoint	REJECT	SEC_REJECT	SEC_REJECT	REJECT: both reject
rv28_leak_6_closure_block_let_egress	REJECT	SEC_REJECT	SEC_REJECT	REJECT: both reject
rv28_leak_7_closure_block_for_egress	REJECT	SEC_REJECT	SEC_REJECT	REJECT: both reject
rv28_leak_8_max_depth_fail_open	REJECT	SEC_REJECT	SEC_REJECT	REJECT: both reject
rv28_leak_9_value_block_shadow_main	REJECT	SEC_REJECT	SEC_REJECT	REJECT: both reject
rv28_r28_l1a_lambda_body_let_each	REJECT	SEC_REJECT	SEC_REJECT	REJECT: both reject
rv28_r28_l1b_lambda_body_let_in_method	REJECT	SEC_REJECT	SEC_REJECT	REJECT: both reject
rv28_r28_l2_block_locals_4_round_cutoff	REJECT	SEC_REJECT	SEC_REJECT	REJECT: both reject
rv28_r28_l3_let_shadow_last_wins	REJECT	SEC_REJECT	SEC_REJECT	REJECT: both reject
rv28_r28_l4_egress_call_depth_fail_open	REJECT	SEC_REJECT	SEC_REJECT	REJECT: both reject
rv28_r28_l5_expr_depth_32_cap	REJECT	SEC_REJECT	SEC_REJECT	REJECT: both reject
rv28_r28_l6_egress_in_main_value_block	REJECT	SEC_REJECT	SEC_REJECT	REJECT: both reject
rv28_r28_l7_callable_formal_alias_in_callee	REJECT	SEC_REJECT	SEC_REJECT	REJECT: both reject
rv28_r28_s1_builtin_hof_as_value	REJECT	SEC_REJECT	SEC_REJECT	REJECT: both reject
rv28_r28d_01	REJECT	SEC_REJECT	SEC_REJECT	REJECT: both reject
rv28_r28d_02	REJECT	SEC_REJECT	SEC_REJECT	REJECT: both reject
rv28_r28d_03	REJECT	SEC_REJECT	SEC_REJECT	REJECT: both reject
rv28_r28d_04	REJECT	SEC_REJECT	SEC_REJECT	REJECT: both reject
rv28_r28d_05	REJECT	SEC_REJECT	SEC_REJECT	REJECT: both reject
rv28_r28d_06	REJECT	SEC_REJECT	SEC_REJECT	REJECT: both reject
rv28_r28d_07	REJECT	SEC_REJECT	SEC_REJECT	REJECT: both reject
rv28_r28d_08	REJECT	SEC_REJECT	SEC_REJECT	REJECT: both reject
rv28_r28d_09	REJECT	SEC_REJECT	SEC_REJECT	REJECT: both reject
rv28_r28d_10	REJECT	SEC_REJECT	SEC_REJECT	REJECT: both reject
rv28_r28d_11	REJECT	SEC_REJECT	SEC_REJECT	REJECT: both reject
rv28_r28d_12	REJECT	SEC_REJECT	SEC_REJECT	REJECT: both reject
rv28_r28d_13	REJECT	SEC_REJECT	SEC_REJECT	REJECT: both reject
rv28_r28d_14	REJECT	SEC_REJECT	SEC_REJECT	REJECT: both reject
rv28_r28d_15	REJECT	SEC_REJECT	SEC_REJECT	REJECT: both reject
rv28_r28d_16	REJECT	SEC_REJECT	SEC_REJECT	REJECT: both reject
rv28_spec_01_stale_memo	REJECT	SEC_REJECT	SEC_REJECT	REJECT: both reject
rv28_spec_02_egress_depth_fallback_cached	REJECT	SEC_REJECT	SEC_REJECT	REJECT: both reject
rv28_spec_03_block_locals_4_round_cap	REJECT	SEC_REJECT	SEC_REJECT	REJECT: both reject
rv28_spec_04_block_locals_shadowing	REJECT	SEC_REJECT	SEC_REJECT	REJECT: both reject
rv28_spec_05_return_nested_in_expression	REJECT	SEC_REJECT	SEC_REJECT	REJECT: both reject
rv28_spec_06_callback_formal_alias_egress	REJECT	SEC_REJECT	SEC_REJECT	REJECT: both reject
rv28_spec_07_sink_named_formal	REJECT	SEC_REJECT	SEC_REJECT	REJECT: both reject
rv28_spec_08_builtin_as_value_drops_closure	REJECT	SEC_REJECT	SEC_REJECT	REJECT: both reject
rv28_spec_09_main_closure_capture_after_shadow	REJECT	SEC_REJECT	SEC_REJECT	REJECT: both reject
rv28_spec_10_walker_depth_32_fails_open	REJECT	SEC_REJECT	SEC_REJECT	REJECT: both reject
rv28_spec_11_reduce_fold_cap	REJECT	SEC_REJECT	SEC_REJECT	REJECT: both reject
rv28_spec_12_main_while_record_nesting	REJECT	SEC_REJECT	SEC_REJECT	REJECT: both reject
rv28_spec_13_depth_fallback_ignores_closure_args	REJECT	SEC_REJECT	SEC_REJECT	REJECT: both reject
rv28_spec_14_builtin_as_value_egress	REJECT	SEC_REJECT	SEC_REJECT	REJECT: both reject
rv28_spec_15_paren_callee	REJECT	SEC_REJECT	SEC_REJECT	REJECT: both reject
rv28_spec_16_callback_alias_and_returned_closure_symmetric	REJECT	SEC_REJECT	SEC_REJECT	REJECT: both reject
rv28_valid_or_a1_for_return	ACCEPT	ACCEPT	ACCEPT	ACCEPT: both accept
rv28_valid_or_a2_while_let_return	ACCEPT	ACCEPT	ACCEPT	ACCEPT: both accept
rv28_valid_or_a3_if_let_return	ACCEPT	ACCEPT	ACCEPT	ACCEPT: both accept
rv28_valid_or_a4_match_stmt_return	ACCEPT	ACCEPT	ACCEPT	ACCEPT: both accept
rv28_valid_or_a5_enum_match_return	ACCEPT	ACCEPT	ACCEPT	ACCEPT: both accept
rv28_valid_or_a6_real_example_ledger	ACCEPT	ACCEPT	ACCEPT	ACCEPT: both accept
rv28_valid_or_b1_acc_plus_list_main	ACCEPT	ACCEPT	ACCEPT	ACCEPT: both accept
rv28_valid_or_b2_acc_plus_list_recursion	ACCEPT	ACCEPT	ACCEPT	ACCEPT: both accept
rv28_valid_or_b3_group_by_map	ACCEPT	SEC_REJECT	SEC_REJECT	ACCEPT: both refuse
rv28_valid_or_c1_method_union_egress	ACCEPT	ACCEPT	ACCEPT	ACCEPT: both accept
rv28_valid_or_c2_method_union_return	ACCEPT	ACCEPT	ACCEPT	ACCEPT: both accept
rv28_valid_or_d_compare_to_none	ACCEPT	ACCEPT	ACCEPT	ACCEPT: both accept
rv28_valid_or_e_tuple_list_position	ACCEPT	ACCEPT	ACCEPT	ACCEPT: both accept
rv28_valid_or_f_call_depth_9	ACCEPT	ACCEPT	ACCEPT	ACCEPT: both accept
rv28_valid_perf_2_value_block_nesting_exponential	ACCEPT	ACCEPT	ACCEPT	ACCEPT: both accept
rv28_valid_r28_o1_reduce_seed_joined_with_elem	ACCEPT	ACCEPT	ACCEPT	ACCEPT: both accept
rv28_valid_r28_o2_apply_list_variable_spread	ACCEPT	ACCEPT	ACCEPT	ACCEPT: both accept
rv28_valid_r28_o3_method_union_across_impls	ACCEPT	ACCEPT	ACCEPT	ACCEPT: both accept
rv28_valid_r28_o4_lambda_body_let_resolves_to_caller_var	ACCEPT	ACCEPT	ACCEPT	ACCEPT: both accept
rv28_valid_r28_p1_specialization_branching_blowup	ACCEPT	ACCEPT	ACCEPT	ACCEPT: both accept
rv28_valid_r28_p2_nested_value_block_match_blowup	ACCEPT	ACCEPT	ACCEPT	ACCEPT: both accept
rv28_valid_r28d_o1	ACCEPT	ACCEPT	ACCEPT	ACCEPT: both accept
rv28_valid_r28d_o2	ACCEPT	ACCEPT	ACCEPT	ACCEPT: both accept
rv28_valid_r28d_o3	ACCEPT	ACCEPT	ACCEPT	ACCEPT: both accept
rv28_valid_r28d_o4	ACCEPT	ACCEPT	ACCEPT	ACCEPT: both accept
rv28_valid_r28d_p1	ACCEPT	ACCEPT	ACCEPT	ACCEPT: both accept
rv28_valid_spec_17_method_union_over_refusal	ACCEPT	ACCEPT	ACCEPT	ACCEPT: both accept
rv28_valid_spec_18_builtin_as_value_over_refusal	ACCEPT	ACCEPT	ACCEPT	ACCEPT: both accept
rv28_valid_spec_19_cached_depth_fallback_over_refusal	ACCEPT	ACCEPT	ACCEPT	ACCEPT: both accept
rv28_valid_spec_20_closure_key_blowup	ACCEPT	ACCEPT	SEC_REJECT	ACCEPT: v2 accepts a lanes over-refusal
rv29_a01	REJECT	SEC_REJECT	SEC_REJECT	REJECT: both reject
rv29_b01	REJECT	SEC_REJECT	SEC_REJECT	REJECT: both reject
rv29_b05	REJECT	SEC_REJECT	SEC_REJECT	REJECT: both reject
rv29_d01	REJECT	SEC_REJECT	SEC_REJECT	REJECT: both reject
rv29_e02	REJECT	SEC_REJECT	SEC_REJECT	REJECT: both reject
rv29_g01	REJECT	SEC_REJECT	SEC_REJECT	REJECT: both reject
rv29_k01	REJECT	SEC_REJECT	SEC_REJECT	REJECT: both reject
rv29_l1_mixed_type_list_method_dispatch	REJECT	SEC_REJECT	SEC_REJECT	REJECT: both reject
rv29_l2_flatten_nesting_level	REJECT	SEC_REJECT	SEC_REJECT	REJECT: both reject
rv29_l3_chunk_window_nesting_level	REJECT	SEC_REJECT	SEC_REJECT	REJECT: both reject
rv29_l4_partition_nesting_level	REJECT	SEC_REJECT	SEC_REJECT	REJECT: both reject
rv29_l5_filter_dropwhile_keep_positions	REJECT	SEC_REJECT	SEC_REJECT	REJECT: both reject
rv29_l6_loop_widened_value_drops_whole_typed_field	REJECT	SEC_REJECT	SEC_REJECT	REJECT: both reject
rv29_m01	REJECT	SEC_REJECT	SEC_REJECT	REJECT: both reject
rv29_n1_block_tail_if_stmt_value_if	REJECT	SEC_REJECT	SEC_REJECT	REJECT: both reject
rv29_n1b_lambda_body_ends_in_if_stmt	REJECT	SEC_REJECT	SEC_REJECT	REJECT: both reject
rv29_n1c_semicolon_terminated_block_value	REJECT	SEC_REJECT	SEC_REJECT	REJECT: both reject
rv29_n2_return_inside_lambda_body	REJECT	SEC_REJECT	SEC_REJECT	REJECT: both reject
rv29_n2b_return_in_immediately_applied_lambda_regression	REJECT	SEC_REJECT	SEC_REJECT	REJECT: both reject
rv29_n3_let_in_both_branches_kills_outer_name	REJECT	SEC_REJECT	SEC_REJECT	REJECT: both reject
rv29_n4_widen_record_to_value_loses_fields_main_selfref	REJECT	SEC_REJECT	SEC_REJECT	REJECT: both reject
rv29_n4b_widen_recursive_call_binds	REJECT	SEC_REJECT	SEC_REJECT	REJECT: both reject
rv29_n4c_widen_reduce_fold	REJECT	SEC_REJECT	SEC_REJECT	REJECT: both reject
rv29_n5_join_holds_record_drops_field_names	REJECT	SEC_REJECT	SEC_REJECT	REJECT: both reject
rv29_n6_fractional_literal_index	REJECT	SEC_REJECT	SEC_REJECT	REJECT: both reject
rv29_r01	REJECT	SEC_REJECT	SEC_REJECT	REJECT: both reject
rv29_r29d_a01	REJECT	SEC_REJECT	SEC_REJECT	REJECT: both reject
rv29_r29d_a02	REJECT	SEC_REJECT	SEC_REJECT	REJECT: both reject
rv29_r29d_a03	REJECT	SEC_REJECT	SEC_REJECT	REJECT: both reject
rv29_r29d_b01	REJECT	SEC_REJECT	SEC_REJECT	REJECT: both reject
rv29_r29d_b03	REJECT	SEC_REJECT	SEC_REJECT	REJECT: both reject
rv29_r29d_b04	REJECT	SEC_REJECT	SEC_REJECT	REJECT: both reject
rv29_r29d_b05	REJECT	SEC_REJECT	SEC_REJECT	REJECT: both reject
rv29_r29d_b06	REJECT	SEC_REJECT	SEC_REJECT	REJECT: both reject
rv29_r29d_b07	REJECT	SEC_REJECT	SEC_REJECT	REJECT: both reject
rv29_r29d_b08	REJECT	SEC_REJECT	SEC_REJECT	REJECT: both reject
rv29_r29d_b09	REJECT	SEC_REJECT	SEC_REJECT	REJECT: both reject
rv29_r29d_b10	REJECT	SEC_REJECT	SEC_REJECT	REJECT: both reject
rv29_r29d_c01	REJECT	SEC_REJECT	SEC_REJECT	REJECT: both reject
rv29_r29d_c02	REJECT	SEC_REJECT	SEC_REJECT	REJECT: both reject
rv29_r29d_c03	REJECT	SEC_REJECT	SEC_REJECT	REJECT: both reject
rv29_r29d_c04	REJECT	SEC_REJECT	SEC_REJECT	REJECT: both reject
rv29_r29d_c05	REJECT	SEC_REJECT	SEC_REJECT	REJECT: both reject
rv29_r29d_c07	REJECT	SEC_REJECT	SEC_REJECT	REJECT: both reject
rv29_r29d_d02	REJECT	SEC_REJECT	SEC_REJECT	REJECT: both reject
rv29_r29d_d03	REJECT	SEC_REJECT	SEC_REJECT	REJECT: both reject
rv29_r29d_e01	REJECT	SEC_REJECT	SEC_REJECT	REJECT: both reject
rv29_r29d_e02	REJECT	SEC_REJECT	SEC_REJECT	REJECT: both reject
rv29_r29d_e02b	REJECT	SEC_REJECT	SEC_REJECT	REJECT: both reject
rv29_r29d_e03	REJECT	SEC_REJECT	SEC_REJECT	REJECT: both reject
rv29_r29d_e04	REJECT	SEC_REJECT	SEC_REJECT	REJECT: both reject
rv29_r29d_e05	REJECT	SEC_REJECT	SEC_REJECT	REJECT: both reject
rv29_r29d_e06	REJECT	SEC_REJECT	SEC_REJECT	REJECT: both reject
rv29_r29d_e07	REJECT	SEC_REJECT	SEC_REJECT	REJECT: both reject
rv29_r29d_e08	REJECT	SEC_REJECT	SEC_REJECT	REJECT: both reject
rv29_r29d_f01	REJECT	SEC_REJECT	SEC_REJECT	REJECT: both reject
rv29_r29d_f02	REJECT	SEC_REJECT	SEC_REJECT	REJECT: both reject
rv29_r29d_f03	REJECT	SEC_REJECT	SEC_REJECT	REJECT: both reject
rv29_r29d_g01	REJECT	SEC_REJECT	SEC_REJECT	REJECT: both reject
rv29_r29d_g02	REJECT	SEC_REJECT	SEC_REJECT	REJECT: both reject
rv29_r29d_g03	REJECT	SEC_REJECT	SEC_REJECT	REJECT: both reject
rv29_r29d_g04	REJECT	SEC_REJECT	SEC_REJECT	REJECT: both reject
rv29_r29d_g05	REJECT	SEC_REJECT	SEC_REJECT	REJECT: both reject
rv29_r29d_g06	REJECT	SEC_REJECT	SEC_REJECT	REJECT: both reject
rv29_r29d_g07	REJECT	SEC_REJECT	SEC_REJECT	REJECT: both reject
rv29_r29d_j02	REJECT	SEC_REJECT	SEC_REJECT	REJECT: both reject
rv29_r29d_k06	REJECT	SEC_REJECT	SEC_REJECT	REJECT: both reject
rv29_r29d_l01	REJECT	SEC_REJECT	SEC_REJECT	REJECT: both reject
rv29_r29d_m01	REJECT	SEC_REJECT	SEC_REJECT	REJECT: both reject
rv29_r29d_m02	REJECT	SEC_REJECT	SEC_REJECT	REJECT: both reject
rv29_r29d_n07	REJECT	SEC_REJECT	SEC_REJECT	REJECT: both reject
rv29_r29d_n08	REJECT	SEC_REJECT	SEC_REJECT	REJECT: both reject
rv29_r29d_n09	REJECT	SEC_REJECT	SEC_REJECT	REJECT: both reject
rv29_r29d_n10	REJECT	SEC_REJECT	SEC_REJECT	REJECT: both reject
rv29_r29d_n12	REJECT	SEC_REJECT	SEC_REJECT	REJECT: both reject
rv29_r29d_n13	REJECT	SEC_REJECT	SEC_REJECT	REJECT: both reject
rv29_r29d_n15	REJECT	SEC_REJECT	SEC_REJECT	REJECT: both reject
rv29_r29d_o01	REJECT	SEC_REJECT	SEC_REJECT	REJECT: both reject
rv29_r29d_o02	REJECT	SEC_REJECT	SEC_REJECT	REJECT: both reject
rv29_r29d_q01	REJECT	SEC_REJECT	SEC_REJECT	REJECT: both reject
rv29_r29d_q03	REJECT	SEC_REJECT	SEC_REJECT	REJECT: both reject
rv29_r29d_t02	REJECT	SEC_REJECT	SEC_REJECT	REJECT: both reject
rv29_r29d_w01	REJECT	SEC_REJECT	SEC_REJECT	REJECT: both reject
rv29_r29d_w02	REJECT	SEC_REJECT	SEC_REJECT	REJECT: both reject
rv29_r29d_x01	REJECT	SEC_REJECT	SEC_REJECT	REJECT: both reject
rv29_s1_break_path_state_lost	REJECT	SEC_REJECT	SEC_REJECT	REJECT: both reject
rv29_s2_assignments_inside_expression_constructs_dropped	REJECT	SEC_REJECT	SEC_REJECT	REJECT: both reject
rv29_s3_expression_position_push_in_place	REJECT	SEC_REJECT	SEC_REJECT	REJECT: both reject
rv29_s5_try_operator_early_return	REJECT	SEC_REJECT	SEC_REJECT	REJECT: both reject
rv29_s6_specialization_key_collision_deep_closures	REJECT	SEC_REJECT	SEC_REJECT	REJECT: both reject
rv29_valid_o1_lambda_in_loop_body_forces_fallback	ACCEPT	ACCEPT	ACCEPT	ACCEPT: both accept
rv29_valid_o1b_unused_closure_reassigned_in_loop	ACCEPT	ACCEPT	ACCEPT	ACCEPT: both accept
rv29_valid_or1_annotated_map_groupby_in_helper	ACCEPT	SEC_REJECT	SEC_REJECT	ACCEPT: both refuse
rv29_valid_or2_plus_on_declared_list_field	ACCEPT	ACCEPT	SEC_REJECT	ACCEPT: v2 accepts a lanes over-refusal
rv29_valid_or3_plus_on_user_fn_declared_list_return	ACCEPT	ACCEPT	SEC_REJECT	ACCEPT: v2 accepts a lanes over-refusal
rv29_valid_or4_plus_on_annotated_list_param	ACCEPT	ACCEPT	SEC_REJECT	ACCEPT: v2 accepts a lanes over-refusal
rv29_valid_or5_recursion_widens_unchanged_record_args	ACCEPT	ACCEPT	ACCEPT	ACCEPT: both accept
rv29_valid_or6_recursion_over_enumerate_pairs	ACCEPT	ACCEPT	ACCEPT	ACCEPT: both accept
rv29_valid_or7_main_self_referential_accumulation_widens	ACCEPT	ACCEPT	ACCEPT	ACCEPT: both accept
rv29_valid_or8_call_depth_limit_26_helper_chain	ACCEPT	ACCEPT	SEC_REJECT	ACCEPT: v2 accepts a lanes over-refusal
rv29_valid_p1_nested_builtin_args_exponential	ACCEPT	ACCEPT	ACCEPT	ACCEPT: both accept
rv29_valid_p1_nested_loops_with_lambda_oom	ACCEPT	ACCEPT	ACCEPT	ACCEPT: both accept
rv29_valid_p2_method_chain_receiver_exponential	ACCEPT	ACCEPT	ACCEPT	ACCEPT: both accept
rv29_valid_r29d_s04	ACCEPT	SEC_REJECT	SEC_REJECT	ACCEPT: both refuse
rv29_valid_r29d_v01	ACCEPT	ACCEPT	ACCEPT	ACCEPT: both accept
rv29_valid_r29d_v03	ACCEPT	ACCEPT	ACCEPT	ACCEPT: both accept
rv29_w01	REJECT	SEC_REJECT	SEC_REJECT	REJECT: both reject
rv29_w12	REJECT	SEC_REJECT	SEC_REJECT	REJECT: both reject
rv2_assert_float_deferred_cooccur	REJECT	ACCEPT	DISPROVED	REJECT: v2 MISSES (lanes reject)
rv2_assert_param_no_shared_fact	REJECT	ACCEPT	DISPROVED	REJECT: v2 MISSES (lanes reject)
rv2_call_only_param_assert_deferred	ACCEPT	ACCEPT	ACCEPT	ACCEPT: both accept
rv2_guard_equality_not_definition	ACCEPT	ACCEPT	ACCEPT	ACCEPT: both accept
rv2_guard_equality_requires_sym	ACCEPT	ACCEPT	UNDECIDED	ACCEPT: v2 accepts a lanes over-refusal
rv2_guard_equality_requires_valid	ACCEPT	ACCEPT	UNDECIDED	ACCEPT: v2 accepts a lanes over-refusal
rv2_havoc_mark_survives_forvar	ACCEPT	ACCEPT	ACCEPT	ACCEPT: both accept
rv2_havoc_mark_survives_forvar_req	ACCEPT	ACCEPT	UNDECIDED	ACCEPT: v2 accepts a lanes over-refusal
rv2_havoc_mark_survives_whilelet	ACCEPT	ACCEPT	ACCEPT	ACCEPT: both accept
rv2_invariant_counterexample_label	REJECT	ACCEPT	DISPROVED	REJECT: v2 MISSES (lanes reject)
rv2_loop_local_let_int_valid	ACCEPT	ACCEPT	ACCEPT	ACCEPT: both accept
rv2_range_bound_shadowed_in_body	ACCEPT	ACCEPT	UNDECIDED	ACCEPT: v2 accepts a lanes over-refusal
rv2_range_bound_written_valid	ACCEPT	ACCEPT	UNDECIDED	ACCEPT: v2 accepts a lanes over-refusal
rv2_range_break_valid	ACCEPT	ACCEPT	UNDECIDED	ACCEPT: v2 accepts a lanes over-refusal
rv2_range_negative_start_violation	REJECT	ACCEPT	DISPROVED	REJECT: v2 MISSES (lanes reject)
rv2_wrap_after_loop	REJECT	ACCEPT	WRAP	REJECT: v2 MISSES (lanes reject)
rv2_wrap_contract_param_cooccur	REJECT	ACCEPT	WRAP	REJECT: v2 MISSES (lanes reject)
rv2_wrapexempt_survives_forvar	ACCEPT	ACCEPT	ACCEPT	ACCEPT: both accept
rv30_a01	REJECT	SEC_REJECT	SEC_REJECT	REJECT: both reject
rv30_l01	REJECT	SEC_REJECT	SEC_REJECT	REJECT: both reject
rv30_l06	REJECT	SEC_REJECT	SEC_REJECT	REJECT: both reject
rv30_leak1_closure_self_dispatch_by_applier	REJECT	SEC_REJECT	SEC_REJECT	REJECT: both reject
rv30_leak2_let_self_rebinding	REJECT	SEC_REJECT	SEC_REJECT	REJECT: both reject
rv30_leak3_lambda_param_named_self	REJECT	SEC_REJECT	SEC_REJECT	REJECT: both reject
rv30_leak4_for_var_named_self	REJECT	SEC_REJECT	SEC_REJECT	REJECT: both reject
rv30_m13	REJECT	SEC_REJECT	SEC_REJECT	REJECT: both reject
rv30_m14	REJECT	SEC_REJECT	SEC_REJECT	REJECT: both reject
rv30_m21	REJECT	SEC_REJECT	SEC_REJECT	REJECT: both reject
rv30_r30_a1_reverse_flatten	REJECT	SEC_REJECT	SEC_REJECT	REJECT: both reject
rv30_r30_a2_slice_fnbody	REJECT	SEC_REJECT	SEC_REJECT	REJECT: both reject
rv30_r30_a3_slice_len_main	REJECT	SEC_REJECT	SEC_REJECT	REJECT: both reject
rv30_r30_b1_container_rule_string_lhs	REJECT	SEC_REJECT	SEC_REJECT	REJECT: both reject
rv30_r30_b2_get_default_fnbody	REJECT	SEC_REJECT	SEC_REJECT	REJECT: both reject
rv30_r30_c1_main_listflag_stale_plus	REJECT	SEC_REJECT	SEC_REJECT	REJECT: both reject
rv30_r30_c2_main_listflag_stale_write_slot	REJECT	SEC_REJECT	SEC_REJECT	REJECT: both reject
rv30_r30_d1_empty_key_is_self_values	REJECT	SEC_REJECT	SEC_REJECT	REJECT: both reject
rv30_r30_d2_empty_key_is_self_get	REJECT	SEC_REJECT	SEC_REJECT	REJECT: both reject
rv30_r30i_10_match_guard_writes_invisible_to_later_arms	REJECT	SEC_REJECT	SEC_REJECT	REJECT: both reject
rv30_r30i_11_unsettled_loop_fallback_skips_closures	REJECT	SEC_REJECT	SEC_REJECT	REJECT: both reject
rv30_r30i_1_shortcircuit_strong_update	REJECT	SEC_REJECT	SEC_REJECT	REJECT: both reject
rv30_r30i_2_main_walk_absent_name_is_bottom	REJECT	SEC_REJECT	SEC_REJECT	REJECT: both reject
rv30_r30i_3_expression_break_continue_not_loop_exits	REJECT	SEC_REJECT	SEC_REJECT	REJECT: both reject
rv30_r30i_4_statement_push_shadowed_by_local_or_user_fn	REJECT	SEC_REJECT	SEC_REJECT	REJECT: both reject
rv30_r30i_5_main_closure_callee_resolved_at_call_time	REJECT	SEC_REJECT	SEC_REJECT	REJECT: both reject
rv30_r30i_6_main_closure_reassigned_records_no_captures	REJECT	SEC_REJECT	SEC_REJECT	REJECT: both reject
rv30_r30i_7_main_expression_write_keeps_stale_list_flag	REJECT	SEC_REJECT	SEC_REJECT	REJECT: both reject
rv30_r30i_8_reverse_slice_of_string_treated_as_list	REJECT	SEC_REJECT	SEC_REJECT	REJECT: both reject
rv30_r30i_9_plus_list_when_lhs_may_be_string	REJECT	SEC_REJECT	SEC_REJECT	REJECT: both reject
rv30_valid_n02	ACCEPT	ACCEPT	INVALID:ANUBIS_ANALYSIS_LIMIT	ACCEPT: v2 accepts a lanes over-refusal
rv30_valid_n03	ACCEPT	ACCEPT	INVALID:ANUBIS_ANALYSIS_LIMIT	ACCEPT: v2 accepts a lanes over-refusal
rv30_valid_or1_loop_shift_chain_6	ACCEPT	ACCEPT	ACCEPT	ACCEPT: both accept
rv30_valid_or2_recursion_rotation_7	ACCEPT	ACCEPT	ACCEPT	ACCEPT: both accept
rv30_valid_or3_declared_nested_container_field	ACCEPT	ACCEPT	ACCEPT	ACCEPT: both accept
rv30_valid_or3b_declared_nested_map_field	ACCEPT	ACCEPT	ACCEPT	ACCEPT: both accept
rv30_valid_perf1_oom_self_recursive_cycle	ACCEPT	ACCEPT	ACCEPT	ACCEPT: both accept
rv30_valid_perf2_timeout_callsites	ACCEPT	ACCEPT	ACCEPT	ACCEPT: both accept
rv30_valid_perf3_self_recursive_chain_no_cycle	ACCEPT	ACCEPT	ACCEPT	ACCEPT: both accept
rv30_valid_perf4_zip_nesting_exponential	ACCEPT	ACCEPT	ACCEPT	ACCEPT: both accept
rv30_valid_perf5_reduce_seed_nesting_exponential	ACCEPT	ACCEPT	ACCEPT	ACCEPT: both accept
rv30_valid_q10x8	ACCEPT	ACCEPT	ACCEPT	ACCEPT: both accept
rv30_valid_r30_o1_slot0_poisons_string_key_reads	ACCEPT	ACCEPT	ACCEPT	ACCEPT: both accept
rv30_valid_r30_o2_err_arm_binds_ok_payload	ACCEPT	ACCEPT	SEC_REJECT	ACCEPT: v2 accepts a lanes over-refusal
rv30_valid_r30_p1_slot0_keyed_writes	ACCEPT	ACCEPT	ACCEPT	ACCEPT: both accept
rv30_valid_r30i_12_six_name_rotation_exceeds_max_iter	ACCEPT	ACCEPT	ACCEPT	ACCEPT: both accept
rv30_valid_r30i_13_nested_zip_exponential	ACCEPT	ACCEPT	ACCEPT	ACCEPT: both accept
rv31_leak_1_computed_receiver_dispatch	REJECT	SEC_REJECT	SEC_REJECT	REJECT: both reject
rv31_r31d_01_trailing_push_valueblock	REJECT	SEC_REJECT	SEC_REJECT	REJECT: both reject
rv31_r31d_02_trailing_push_closure	REJECT	SEC_REJECT	SEC_REJECT	REJECT: both reject
rv31_r31d_03_trailing_push_matcharm	REJECT	SEC_REJECT	SEC_REJECT	REJECT: both reject
rv31_r31d_04_trailing_push_local_named_push	REJECT	SEC_REJECT	SEC_REJECT	REJECT: both reject
rv31_r31d_05_trailing_push_fnbody_symmetric	REJECT	SEC_REJECT	SEC_REJECT	REJECT: both reject
rv31_r31d_06_trailing_push_userfn_symmetric	REJECT	SEC_REJECT	SEC_REJECT	REJECT: both reject
rv31_r31d_07_sort_drops_computed_length	REJECT	SEC_REJECT	SEC_REJECT	REJECT: both reject
rv31_r31d_08_computed_receiver_skips_secret_impls	REJECT	SEC_REJECT	SEC_REJECT	REJECT: both reject
rv31_r31d_09_fallback_computed_receiver	REJECT	SEC_REJECT	SEC_REJECT	REJECT: both reject
rv31_r31d_10_or_pattern_last_alternative_wins	REJECT	SEC_REJECT	SEC_REJECT	REJECT: both reject
rv31_r31d_11_or_pattern_in_function	REJECT	SEC_REJECT	SEC_REJECT	REJECT: both reject
rv31_r31d_12_or_pattern_enum_named	REJECT	SEC_REJECT	SEC_REJECT	REJECT: both reject
rv31_r31d_13_duplicate_enum_variant_field	REJECT	SEC_REJECT	SEC_REJECT	REJECT: both reject
rv31_r31d_14_main_closure_binding_hides_struct	REJECT	SEC_REJECT	SEC_REJECT	REJECT: both reject
rv31_r31d_15_main_closure_binding_loop	REJECT	SEC_REJECT	SEC_REJECT	REJECT: both reject
rv31_r31d_16_any_local_treated_as_callback	REJECT	SEC_REJECT	SEC_REJECT	REJECT: both reject
rv31_r31d_17_struct_pattern_type_test	REJECT	SEC_REJECT	SEC_REJECT	REJECT: both reject
rv31_r31i_1	REJECT	SEC_REJECT	SEC_REJECT	REJECT: both reject
rv31_r31i_2	REJECT	SEC_REJECT	SEC_REJECT	REJECT: both reject
rv31_r31i_3	REJECT	SEC_REJECT	SEC_REJECT	REJECT: both reject
rv31_r31i_4	REJECT	SEC_REJECT	SEC_REJECT	REJECT: both reject
rv31_r31i_s2	REJECT	SEC_REJECT	SEC_REJECT	REJECT: both reject
rv31_r31s_1	REJECT	SEC_REJECT	SEC_REJECT	REJECT: both reject
rv31_r31s_1b	REJECT	SEC_REJECT	SEC_REJECT	REJECT: both reject
rv31_r31s_2	REJECT	SEC_REJECT	SEC_REJECT	REJECT: both reject
rv31_r31s_2b	REJECT	SEC_REJECT	SEC_REJECT	REJECT: both reject
rv31_r31s_2c	REJECT	SEC_REJECT	SEC_REJECT	REJECT: both reject
rv31_r31s_3	REJECT	SEC_REJECT	SEC_REJECT	REJECT: both reject
rv31_r31s_4	REJECT	SEC_REJECT	SEC_REJECT	REJECT: both reject
rv31_valid_or_1_summary_after_closures_report	ACCEPT	ACCEPT	ACCEPT	ACCEPT: both accept
rv31_valid_or_1b_summary_after_closures_minimal	ACCEPT	ACCEPT	ACCEPT	ACCEPT: both accept
rv31_valid_or_2a_secretless_dispatch_inventory	ACCEPT	ACCEPT	ACCEPT	ACCEPT: both accept
rv31_valid_or_2b_secretless_dispatch_str_self	ACCEPT	ACCEPT	ACCEPT	ACCEPT: both accept
rv31_valid_or_2c_secretless_dispatch_egress	ACCEPT	ACCEPT	ACCEPT	ACCEPT: both accept
rv31_valid_or_3a_map_key_alias_main_map	ACCEPT	ACCEPT	ACCEPT	ACCEPT: both accept
rv31_valid_or_3b_map_key_alias_fn_returned_map	ACCEPT	ACCEPT	SEC_REJECT	ACCEPT: v2 accepts a lanes over-refusal
rv31_valid_perf_1_binds_key_size	ACCEPT	ACCEPT	ACCEPT	ACCEPT: both accept
rv31_valid_r31d_18_overrefusal_unrelated_secretless_impl	ACCEPT	ACCEPT	ACCEPT	ACCEPT: both accept
rv31_valid_r31d_19_overrefusal_map_receiver	ACCEPT	ACCEPT	ACCEPT	ACCEPT: both accept
rv31_valid_r31d_20_perf_keyed_writes_unknown_kind_base	ACCEPT	ACCEPT	ACCEPT	ACCEPT: both accept
rv31_valid_r31d_21_perf_exponential_shared_records	ACCEPT	ACCEPT	ACCEPT	ACCEPT: both accept
rv31_valid_r31i_p1	ACCEPT	ACCEPT	ACCEPT	ACCEPT: both accept
rv31_valid_r31s_5	ACCEPT	ACCEPT	ACCEPT	ACCEPT: both accept
rv31_valid_r31s_6	ACCEPT	ACCEPT	SEC_REJECT	ACCEPT: v2 accepts a lanes over-refusal
rv32_f1_capture_drops_closure_half	REJECT	SEC_REJECT	SEC_REJECT	REJECT: both reject
rv32_f1a_declared_type_exact_receiver	REJECT	SEC_REJECT	SEC_REJECT	REJECT: both reject
rv32_f1b_declared_type_exact_receiver_through_callee	REJECT	SEC_REJECT	SEC_REJECT	REJECT: both reject
rv32_f2_declared_or_inferred_type_forces_exact_dispatch	REJECT	SEC_REJECT	SEC_REJECT	REJECT: both reject
rv32_f2a_size_cap_drops_self_receiver	REJECT	SEC_REJECT	SEC_REJECT	REJECT: both reject
rv32_f2b_depth_cap_drops_self_receiver	REJECT	SEC_REJECT	SEC_REJECT	REJECT: both reject
rv32_f2b_inferred_type_then_branch_assign	REJECT	SEC_REJECT	SEC_REJECT	REJECT: both reject
rv32_f2c_deep_join_drops_self_receiver	REJECT	SEC_REJECT	SEC_REJECT	REJECT: both reject
rv32_f3_unsettled_loop_keeps_named_function	REJECT	SEC_REJECT	SEC_REJECT	REJECT: both reject
rv32_f3_user_fn_named_print_hides_statement_print	REJECT	SEC_REJECT	SEC_REJECT	REJECT: both reject
rv32_f3b_user_fn_print_in_closure_body	REJECT	SEC_REJECT	SEC_REJECT	REJECT: both reject
rv32_f4_declassified_struct_receiver_runs_only_secretless_impls	REJECT	SEC_REJECT	SEC_REJECT	REJECT: both reject
rv32_l1_main_receiver_type_survives_conditional_reassign	REJECT	SEC_REJECT	SEC_REJECT	REJECT: both reject
rv32_l2_main_list_element_type_survives_element_write	REJECT	SEC_REJECT	SEC_REJECT	REJECT: both reject
rv32_r32b_d1_main_exact_receiver	REJECT	SEC_REJECT	SEC_REJECT	REJECT: both reject
rv32_r32b_d2_size_cap_drops_self	REJECT	SEC_REJECT	SEC_REJECT	REJECT: both reject
rv32_r32b_d3_deep_join_drops_struct	REJECT	SEC_REJECT	SEC_REJECT	REJECT: both reject
rv32_r32b_d4_prepass_shadowed_builtin	REJECT	SEC_REJECT	SEC_REJECT	REJECT: both reject
rv32_valid_o1_shadowing_let_before_break_joins_into_outer	ACCEPT	ACCEPT	ACCEPT	ACCEPT: both accept
rv32_valid_o1_size_cap_256_map_of_rows	ACCEPT	ACCEPT	ACCEPT	ACCEPT: both accept
rv32_valid_o2_depth_cap_12_tree_literal	ACCEPT	ACCEPT	ACCEPT	ACCEPT: both accept
rv32_valid_o3_dispatch_method_result_receiver	ACCEPT	ACCEPT	ACCEPT	ACCEPT: both accept
rv32_valid_o4_dispatch_loopvar_binder_mapread_receiver	ACCEPT	ACCEPT	ACCEPT	ACCEPT: both accept
rv32_valid_o5_dispatch_self_field_receiver	ACCEPT	ACCEPT	SEC_REJECT	ACCEPT: v2 accepts a lanes over-refusal
rv32_valid_o6_33_closures_to_one_helper_shared_spec	ACCEPT	SEC_REJECT	SEC_REJECT	ACCEPT: both refuse
rv32_valid_o7_closure_rebuilt_in_loop	ACCEPT	ACCEPT	INVALID:ANUBIS_ANALYSIS_LIMIT	ACCEPT: v2 accepts a lanes over-refusal
rv32_valid_or1_same_lambda_sharing_merges_unrelated_captures	ACCEPT	ACCEPT	ACCEPT	ACCEPT: both accept
rv32_valid_p1_nested_loops_rebuilding_containers_exponential_oom	ACCEPT	ACCEPT	ACCEPT	ACCEPT: both accept
rv32_valid_r32b_d5_main_arm_last_push_overrefusal	ACCEPT	ACCEPT	ACCEPT	ACCEPT: both accept
rv33_d01_max_min_struct_passthrough	REJECT	SEC_REJECT	SEC_REJECT	REJECT: both reject
rv33_lk_fieldwrite_1_lk1_field_write_dispatch	REJECT	SEC_REJECT	SEC_REJECT	REJECT: both reject
rv33_lk_fieldwrite_2_lk1c_field_write_let	REJECT	SEC_REJECT	SEC_REJECT	REJECT: both reject
rv33_lk_returnscan_1_lk4_return_in_match_arm	REJECT	SEC_REJECT	SEC_REJECT	REJECT: both reject
rv33_lk_returnscan_2_lk4b_return_in_if_expr	REJECT	SEC_REJECT	SEC_REJECT	REJECT: both reject
rv33_r33_dc_1	REJECT	SEC_REJECT	SEC_REJECT	REJECT: both reject
rv33_r33_dc_2	REJECT	SEC_REJECT	SEC_REJECT	REJECT: both reject
rv33_r33_dc_3	REJECT	SEC_REJECT	SEC_REJECT	REJECT: both reject
rv33_r33_dc_4	REJECT	SEC_REJECT	SEC_REJECT	REJECT: both reject
rv33_r33_dc_5	REJECT	SEC_REJECT	SEC_REJECT	REJECT: both reject
rv33_r33_dc_6	REJECT	SEC_REJECT	SEC_REJECT	REJECT: both reject
rv33_valid_o01_nesting_builtins_lose_positions	ACCEPT	SEC_REJECT	SEC_REJECT	ACCEPT: both refuse
rv33_valid_o02_key_rewrite_adds	ACCEPT	ACCEPT	SEC_REJECT	ACCEPT: v2 accepts a lanes over-refusal
rv33_valid_or_derived_1_a01_derived_counter	ACCEPT	ACCEPT	ACCEPT	ACCEPT: both accept
rv33_valid_or_derived_2_a02_derived_pushed_list	ACCEPT	ACCEPT	ACCEPT	ACCEPT: both accept
rv33_valid_or_derived_3_a24_state_step	ACCEPT	ACCEPT	ACCEPT	ACCEPT: both accept
rv33_valid_or_derived_4_a27_declared_type_reassigned_literal	ACCEPT	ACCEPT	ACCEPT	ACCEPT: both accept
rv33_valid_r33_o1_constant_short_circuit	ACCEPT	SEC_REJECT	SEC_REJECT	ACCEPT: both refuse
rv33_valid_r33_o2_evaluation_order_join	ACCEPT	ACCEPT	SEC_REJECT	ACCEPT: v2 accepts a lanes over-refusal
rv33_valid_r33_o3_continue_join_counter_reset	ACCEPT	SEC_REJECT	SEC_REJECT	ACCEPT: both refuse
rv33_valid_r33_perf_1	ACCEPT	ACCEPT	SEC_REJECT	ACCEPT: v2 accepts a lanes over-refusal
rv34_f1a_released_user_str	REJECT	SEC_REJECT	SEC_REJECT	REJECT: both reject
rv34_f1b_released_generic_wrapper	REJECT	SEC_REJECT	SEC_REJECT	REJECT: both reject
rv34_f1c_released_cast	REJECT	SEC_REJECT	SEC_REJECT	REJECT: both reject
rv34_f2a_keeps_type_reassigned_formal	REJECT	SEC_REJECT	SEC_REJECT	REJECT: both reject
rv34_f2b_keeps_type_block_shadow	REJECT	SEC_REJECT	SEC_REJECT	REJECT: both reject
rv34_f2c_method_returns_own_self_reassigned	REJECT	SEC_REJECT	SEC_REJECT	REJECT: both reject
rv34_f3_type_roots_cast_tailless_literals	REJECT	SEC_REJECT	SEC_REJECT	REJECT: both reject
rv34_l_errnamed_1	REJECT	SEC_REJECT	SEC_REJECT	REJECT: both reject
rv34_l_errnamed_2	REJECT	SEC_REJECT	SEC_REJECT	REJECT: both reject
rv34_l_mainloop_1	REJECT	SEC_REJECT	SEC_REJECT	REJECT: both reject
rv34_l_mainloop_2	REJECT	SEC_REJECT	SEC_REJECT	REJECT: both reject
rv34_l_released_1	REJECT	SEC_REJECT	SEC_REJECT	REJECT: both reject
rv34_l_released_2	REJECT	SEC_REJECT	SEC_REJECT	REJECT: both reject
rv34_l_released_3	REJECT	SEC_REJECT	SEC_REJECT	REJECT: both reject
rv34_l_released_4	REJECT	SEC_REJECT	SEC_REJECT	REJECT: both reject
rv34_r34i_1_main_loop_carried	REJECT	SEC_REJECT	SEC_REJECT	REJECT: both reject
rv34_r34i_2_closure_through_pattern_binder	REJECT	SEC_REJECT	SEC_REJECT	REJECT: both reject
rv34_r34i_3_closure_through_passthrough_builtin	REJECT	SEC_REJECT	SEC_REJECT	REJECT: both reject
rv34_r34i_4_fnvalue_arg_egress_through_binder	REJECT	SEC_REJECT	SEC_REJECT	REJECT: both reject
rv34_r34i_5_main_while_let_carried_symmetric	REJECT	SEC_REJECT	SEC_REJECT	REJECT: both reject
rv34_valid_o1_released_overbroad	ACCEPT	ACCEPT	ACCEPT	ACCEPT: both accept
rv34_valid_o_maxone_1	ACCEPT	ACCEPT	ACCEPT	ACCEPT: both accept
rv34_valid_or10_option_lookup_binder_receiver	ACCEPT	ACCEPT	SEC_REJECT	ACCEPT: v2 accepts a lanes over-refusal
rv34_valid_or1_field_write_stales_nested_part	ACCEPT	ACCEPT	ACCEPT	ACCEPT: both accept
rv34_valid_or2_declassify_scalar_var_releases_all	ACCEPT	ACCEPT	ACCEPT	ACCEPT: both accept
rv34_valid_or3_closure_return_counted_as_method_return	ACCEPT	ACCEPT	ACCEPT	ACCEPT: both accept
rv34_valid_or4_keeps_type_misses_tail_if_method	ACCEPT	ACCEPT	ACCEPT	ACCEPT: both accept
rv34_valid_or5_result_match_binder_assign_stales	ACCEPT	ACCEPT	SEC_REJECT	ACCEPT: v2 accepts a lanes over-refusal
rv34_valid_or6_name_reused_in_other_scope_stales	ACCEPT	ACCEPT	SEC_REJECT	ACCEPT: v2 accepts a lanes over-refusal
rv34_valid_or7_helper_scope_accumulator	ACCEPT	ACCEPT	SEC_REJECT	ACCEPT: v2 accepts a lanes over-refusal
rv34_valid_or8_alias_of_type_keeping_name_derived	ACCEPT	ACCEPT	ACCEPT	ACCEPT: both accept
rv34_valid_or9_recursive_enum_tree_traversal	ACCEPT	ACCEPT	SEC_REJECT	ACCEPT: v2 accepts a lanes over-refusal
rv34_valid_p1_keeps_type_exponential	ACCEPT	ACCEPT	ACCEPT	ACCEPT: both accept
rv34_valid_pf1_keeps_type_recursion_timeout	ACCEPT	ACCEPT	ACCEPT	ACCEPT: both accept
rv34_valid_pf2_fanout_helper_tree_growing_records	ACCEPT	ACCEPT	ACCEPT	ACCEPT: both accept
rv34_valid_pf3_method_returns_own_recursion	ACCEPT	ACCEPT	ACCEPT	ACCEPT: both accept
rv35_l_listbinder_1_value_path_fn_match	REJECT	SEC_REJECT	SEC_REJECT	REJECT: both reject
rv35_l_listbinder_2_kind_symptom_method_on_element_runs_no_impl	REJECT	SEC_REJECT	SEC_REJECT	REJECT: both reject
rv35_l_listbinder_3_main_scope_value_position	REJECT	SEC_REJECT	SEC_REJECT	REJECT: both reject
rv35_l_listbinder_4_closure_body_old_also_rejects	REJECT	SEC_REJECT	SEC_REJECT	REJECT: both reject
rv35_l_maxty_1_declared_let_type	REJECT	SEC_REJECT	SEC_REJECT	REJECT: both reject
rv35_l_maxty_2_type_inferred_from_a_struct_field_declaration	REJECT	SEC_REJECT	SEC_REJECT	REJECT: both reject
rv35_l_maxty_3_kind_ty_carried_into_a_callee_formal	REJECT	SEC_REJECT	SEC_REJECT	REJECT: both reject
rv35_l_whilecond_main_scope_while_condition_not_seeded	REJECT	SEC_REJECT	SEC_REJECT	REJECT: both reject
rv35_r35_or_l1	REJECT	SEC_REJECT	SEC_REJECT	REJECT: both reject
rv35_r35i_1_l_listbind	REJECT	SEC_REJECT	SEC_REJECT	REJECT: both reject
rv35_r35i_4_l_argpass	REJECT	SEC_REJECT	SEC_REJECT	REJECT: both reject
rv35_r35i_5_l_whilecond	REJECT	SEC_REJECT	SEC_REJECT	REJECT: both reject
rv35_r35s_1	REJECT	SEC_REJECT	SEC_REJECT	REJECT: both reject
rv35_r35s_2	REJECT	SEC_REJECT	SEC_REJECT	REJECT: both reject
rv35_r35s_6	REJECT	SEC_REJECT	SEC_REJECT	REJECT: both reject
rv35_valid_o_errfield_field_read_on_a_tuple_form_err	ACCEPT	ACCEPT	ACCEPT	ACCEPT: both accept
rv35_valid_o_listbinder_public_field_of_the_element	ACCEPT	ACCEPT	ACCEPT	ACCEPT: both accept
rv35_valid_o_shiftreg_main_scope_loop_over_a_6_slot_sliding_window	ACCEPT	ACCEPT	SEC_REJECT	ACCEPT: v2 accepts a lanes over-refusal
rv35_valid_p_mainloop_main_scope_nested_loops_now_run_the_interpreter_per_loop_level	ACCEPT	ACCEPT	ACCEPT	ACCEPT: both accept
rv35_valid_r35_or_o1	ACCEPT	ACCEPT	ACCEPT	ACCEPT: both accept
rv35_valid_r35_or_o10	ACCEPT	ACCEPT	ACCEPT	ACCEPT: both accept
rv35_valid_r35_or_o2	ACCEPT	ACCEPT	ACCEPT	ACCEPT: both accept
rv35_valid_r35_or_o3	ACCEPT	ACCEPT	ACCEPT	ACCEPT: both accept
rv35_valid_r35_or_o4	ACCEPT	ACCEPT	SEC_REJECT	ACCEPT: v2 accepts a lanes over-refusal
rv35_valid_r35_or_o5	ACCEPT	ACCEPT	INVALID:ANUBIS_ANALYSIS_LIMIT	ACCEPT: v2 accepts a lanes over-refusal
rv35_valid_r35_or_o6	ACCEPT	ACCEPT	ACCEPT	ACCEPT: both accept
rv35_valid_r35_or_o7	ACCEPT	ACCEPT	ACCEPT	ACCEPT: both accept
rv35_valid_r35_or_o8	ACCEPT	ACCEPT	ACCEPT	ACCEPT: both accept
rv35_valid_r35_or_o9	ACCEPT	ACCEPT	ACCEPT	ACCEPT: both accept
rv35_valid_r35_perf_p1	ACCEPT	ACCEPT	ACCEPT	ACCEPT: both accept
rv35_valid_r35i_10_perf_mainnest	ACCEPT	ACCEPT	ACCEPT	ACCEPT: both accept
rv35_valid_r35i_6_or_seedshadow	ACCEPT	ACCEPT	ACCEPT	ACCEPT: both accept
rv35_valid_r35i_7_or_unsettled_main	ACCEPT	ACCEPT	SEC_REJECT	ACCEPT: v2 accepts a lanes over-refusal
rv35_valid_r35i_8_or_passkind	ACCEPT	ACCEPT	ACCEPT	ACCEPT: both accept
rv35_valid_r35i_9_or_listbind	ACCEPT	ACCEPT	ACCEPT	ACCEPT: both accept
rv35_valid_r35s_3	ACCEPT	ACCEPT	ACCEPT	ACCEPT: both accept
rv35_valid_r35s_4	ACCEPT	ACCEPT	ACCEPT	ACCEPT: both accept
rv35_valid_r35s_5	ACCEPT	ACCEPT	SEC_REJECT	ACCEPT: v2 accepts a lanes over-refusal
rv36_a_sure_key	REJECT	SEC_REJECT	SEC_REJECT	REJECT: both reject
rv36_b_lost_captures_shadow	REJECT	SEC_REJECT	SEC_REJECT	REJECT: both reject
rv36_c_join_drops_scope_fallback	REJECT	SEC_REJECT	SEC_REJECT	REJECT: both reject
rv36_d_named_half_dropped	REJECT	SEC_REJECT	SEC_REJECT	REJECT: both reject
rv36_e_budget_break_k0	REJECT	SEC_REJECT	SEC_REJECT	REJECT: both reject
rv36_r36_leak_1_branch_inferred_receiver_type	REJECT	SEC_REJECT	SEC_REJECT	REJECT: both reject
rv36_r36_spec_1_sure_missing_from_specialization_key	REJECT	SEC_REJECT	SEC_REJECT	REJECT: both reject
rv36_r36_spec_2_budget_break_at_first_iteration_loses_loop_chain	REJECT	SEC_REJECT	SEC_REJECT	REJECT: both reject
rv36_r36d_l1_sure_cache_key	REJECT	SEC_REJECT	SEC_REJECT	REJECT: both reject
rv36_r36d_l2_try_user_enum	REJECT	SEC_REJECT	SEC_REJECT	REJECT: both reject
rv36_r36d_l3_apply_spread_64	REJECT	SEC_REJECT	SEC_REJECT	REJECT: both reject
rv36_r36d_l4_block_last_stmt_fnvalue	REJECT	SEC_REJECT	SEC_REJECT	REJECT: both reject
rv36_r36d_l5_try_early_return_keeps_type	REJECT	SEC_REJECT	SEC_REJECT	REJECT: both reject
rv36_s1_fnvalue_block_last_if	REJECT	SEC_REJECT	SEC_REJECT	REJECT: both reject
rv36_s2_call_identity	REJECT	SEC_REJECT	SEC_REJECT	REJECT: both reject
rv36_s3_main_fn_identities_if	REJECT	SEC_REJECT	SEC_REJECT	REJECT: both reject
rv36_s4_unseeded_top_lambda	REJECT	SEC_REJECT	SEC_REJECT	REJECT: both reject
rv36_valid_r36_or_1_field_declassify_releases_every_secret_type	ACCEPT	ACCEPT	ACCEPT	ACCEPT: both accept
rv36_valid_r36_or_2_shared_method_name_accumulator_loses_type	ACCEPT	ACCEPT	ACCEPT	ACCEPT: both accept
rv36_valid_r36_perf_1_part_edge_stale_dag_exponential	ACCEPT	ACCEPT	ACCEPT	ACCEPT: both accept
rv36_valid_r36_perf_2_whole_edge_stale_dag_exponential_prev_too	ACCEPT	ACCEPT	ACCEPT	ACCEPT: both accept
rv36_valid_r36d_o1_max_of_struct_literal	ACCEPT	ACCEPT	ACCEPT	ACCEPT: both accept
rv36o_alias_au_egress_stmt	REJECT	SEC_REJECT	SEC_REJECT	REJECT: both reject
rv36o_alias_au_ret	REJECT	SEC_REJECT	SEC_REJECT	REJECT: both reject
rv36o_alias_au_ret_ok	ACCEPT	ACCEPT	ACCEPT	ACCEPT: both accept
rv36o_alias_oh2	REJECT	SEC_REJECT	SEC_REJECT	REJECT: both reject
rv36o_assign_then_shadow	REJECT	SEC_REJECT	SEC_REJECT	REJECT: both reject
rv36o_chained_helper	REJECT	SEC_REJECT	SEC_REJECT	REJECT: both reject
rv36o_for_var_return	REJECT	SEC_REJECT	SEC_REJECT	REJECT: both reject
rv36o_if_place_write	REJECT	SEC_REJECT	SEC_REJECT	REJECT: both reject
rv36o_iflet_assign	REJECT	SEC_REJECT	SEC_REJECT	REJECT: both reject
rv36o_local_secret_if	REJECT	SEC_REJECT	SEC_REJECT	REJECT: both reject
rv36o_loop_break_exit	REJECT	SEC_REJECT	SEC_REJECT	REJECT: both reject
rv36o_match_arm_assign	REJECT	SEC_REJECT	SEC_REJECT	REJECT: both reject
rv36o_match_arm_let_return	REJECT	SEC_REJECT	SEC_REJECT	REJECT: both reject
rv36o_method_if	REJECT	SEC_REJECT	SEC_REJECT	REJECT: both reject
rv36o_ok_branch_shadow	ACCEPT	ACCEPT	ACCEPT	ACCEPT: both accept
rv36o_ok_deep_nesting_pub	ACCEPT	ACCEPT	ACCEPT	ACCEPT: both accept
rv36o_ok_for_chain_pub	ACCEPT	ACCEPT	ACCEPT	ACCEPT: both accept
rv36o_ok_for_var_pub	ACCEPT	ACCEPT	ACCEPT	ACCEPT: both accept
rv36o_ok_if_declassified	ACCEPT	ACCEPT	ACCEPT	ACCEPT: both accept
rv36o_ok_if_pub	ACCEPT	ACCEPT	ACCEPT	ACCEPT: both accept
rv36o_ok_iflet_pub	ACCEPT	ACCEPT	ACCEPT	ACCEPT: both accept
rv36o_ok_let_value_block_pub	ACCEPT	ACCEPT	ACCEPT	ACCEPT: both accept
rv36o_ok_match_arm_pub	ACCEPT	ACCEPT	ACCEPT	ACCEPT: both accept
rv36o_ok_match_arm_return_pub	ACCEPT	ACCEPT	ACCEPT	ACCEPT: both accept
rv36o_ok_method_if_pub	ACCEPT	ACCEPT	ACCEPT	ACCEPT: both accept
rv36o_ok_redeclassify_return_in_branch	ACCEPT	ACCEPT	ACCEPT	ACCEPT: both accept
rv36o_ok_return_in_assigned_value_pub	ACCEPT	ACCEPT	ACCEPT	ACCEPT: both accept
rv36o_ok_return_in_loop_pub	ACCEPT	ACCEPT	ACCEPT	ACCEPT: both accept
rv36o_ok_secret_branch_not_returned	ACCEPT	ACCEPT	ACCEPT	ACCEPT: both accept
rv36o_ok_straightline_clear	ACCEPT	ACCEPT	ACCEPT	ACCEPT: both accept
rv36o_ok_taint_if_clean	ACCEPT	ACCEPT	ACCEPT	ACCEPT: both accept
rv36o_ok_while_declassified	ACCEPT	ACCEPT	ACCEPT	ACCEPT: both accept
rv36o_ok_while_pub	ACCEPT	ACCEPT	ACCEPT	ACCEPT: both accept
rv36o_ok_whilelet_pub	ACCEPT	ACCEPT	ACCEPT	ACCEPT: both accept
rv36o_ok_write_in_if_condition_pub	ACCEPT	ACCEPT	ACCEPT	ACCEPT: both accept
rv36o_or_if_inner_shadow_assign	ACCEPT	ACCEPT	ACCEPT	ACCEPT: both accept
rv36o_or_if_order	ACCEPT	ACCEPT	ACCEPT	ACCEPT: both accept
rv36o_or_if_set_clear	ACCEPT	ACCEPT	ACCEPT	ACCEPT: both accept
rv36o_or_match_cross_arm	ACCEPT	ACCEPT	ACCEPT	ACCEPT: both accept
rv36o_return_in_assigned_value	REJECT	SEC_REJECT	SEC_REJECT	REJECT: both reject
rv36o_return_in_for_header	REJECT	SEC_REJECT	SEC_REJECT	REJECT: both reject
rv36o_return_in_pushed_value	REJECT	SEC_REJECT	SEC_REJECT	REJECT: both reject
rv36o_taint_if_field	REJECT	SEC_REJECT	SEC_REJECT	REJECT: both reject
rv36o_taint_while_field	REJECT	SEC_REJECT	SEC_REJECT	REJECT: both reject
rv36o_tw10_if_pubcond	REJECT	SEC_REJECT	SEC_REJECT	REJECT: both reject
rv36o_tw13_return_in_loop	REJECT	SEC_REJECT	SEC_REJECT	REJECT: both reject
rv36o_tw14_return_list	REJECT	SEC_REJECT	SEC_REJECT	REJECT: both reject
rv36o_tw16_if_field	REJECT	SEC_REJECT	SEC_REJECT	REJECT: both reject
rv36o_tw4_while_helper	REJECT	SEC_REJECT	SEC_REJECT	REJECT: both reject
rv36o_tw6_for_chain	REJECT	SEC_REJECT	SEC_REJECT	REJECT: both reject
rv36o_tw7_loop_chain	REJECT	SEC_REJECT	SEC_REJECT	REJECT: both reject
rv36o_tw9_while_field	REJECT	SEC_REJECT	SEC_REJECT	REJECT: both reject
rv36o_whilelet_binder_return	REJECT	SEC_REJECT	SEC_REJECT	REJECT: both reject
rv36o_write_in_if_condition	REJECT	SEC_REJECT	SEC_REJECT	REJECT: both reject
rv36o_write_in_let_value_block	REJECT	SEC_REJECT	SEC_REJECT	REJECT: both reject
rv36p_alias_callpos_user_fn_cap	REJECT	ACCEPT	SEC_REJECT	REJECT: v2 MISSES (lanes reject)
rv36p_alias_callpos_user_fn_egress	REJECT	SEC_REJECT	SEC_REJECT	REJECT: both reject
rv36p_alias_callpos_user_fn_egress2	REJECT	SEC_REJECT	SEC_REJECT	REJECT: both reject
rv36p_alias_callpos_user_fn_param_ret	REJECT	SEC_REJECT	SEC_REJECT	REJECT: both reject
rv36p_alias_callpos_user_fn_secret_ret	REJECT	SEC_REJECT	SEC_REJECT	REJECT: both reject
rv36p_alias_reg_alias_chain	REJECT	SEC_REJECT	SEC_REJECT	REJECT: both reject
rv36p_alias_reg_alias_chain_cap	REJECT	ACCEPT	SEC_REJECT	REJECT: v2 MISSES (lanes reject)
rv36p_alias_reg_builtin_arm_secret	REJECT	SEC_REJECT	SEC_REJECT	REJECT: both reject
rv36p_alias_reg_list_elem_cap	REJECT	ACCEPT	SEC_REJECT	REJECT: v2 MISSES (lanes reject)
rv36p_alias_reg_overwritten_secret	REJECT	SEC_REJECT	SEC_REJECT	REJECT: both reject
rv36p_alias_reg_shape_user_hof_cap	REJECT	ACCEPT	SEC_REJECT	REJECT: v2 MISSES (lanes reject)
rv36p_alias_reg_struct_field_cap	REJECT	ACCEPT	SEC_REJECT	REJECT: v2 MISSES (lanes reject)
rv36p_alias_reg_unknown_set_cap	REJECT	ACCEPT	SEC_REJECT	REJECT: v2 MISSES (lanes reject)
rv36p_alias_reg_unknown_set_secret	REJECT	SEC_REJECT	SEC_REJECT	REJECT: both reject
rv36x_oh1_alias_join_secret_fn	REJECT	SEC_REJECT	SEC_REJECT	REJECT: both reject
rv36x_oh3w_alias_join_one_named_whole	REJECT	SEC_REJECT	SEC_REJECT	REJECT: both reject
rv36x_sp1_noshadow_twin	REJECT	SEC_REJECT	SEC_REJECT	REJECT: both reject
rv36x_sp1_part_edge_shadow_type	REJECT	SEC_REJECT	SEC_REJECT	REJECT: both reject
rv36x_sp2_noshadow_twin	REJECT	SEC_REJECT	SEC_REJECT	REJECT: both reject
rv37_a_shadowed_scalar_builtin_release	REJECT	SEC_REJECT	SEC_REJECT	REJECT: both reject
rv37_b_let_rebinding_own_name_join	REJECT	SEC_REJECT	SEC_REJECT	REJECT: both reject
rv37_c_container_join_element_type	REJECT	SEC_REJECT	SEC_REJECT	REJECT: both reject
rv37_d_self_param_by_name	REJECT	SEC_REJECT	SEC_REJECT	REJECT: both reject
rv37_e_written_part_through_alias	REJECT	SEC_REJECT	SEC_REJECT	REJECT: both reject
rv37_or_join_branch_binder	ACCEPT	ACCEPT	ACCEPT	ACCEPT: both accept
rv37_r37_or1_join_let_first_last	ACCEPT	ACCEPT	ACCEPT	ACCEPT: both accept
rv37_r37_or1b_join_let_lookup_helper	ACCEPT	ACCEPT	ACCEPT	ACCEPT: both accept
rv37_r37_or1c_join_let_declared_index	ACCEPT	ACCEPT	ACCEPT	ACCEPT: both accept
rv37_r37_or2_held_fields_constructor_formal	ACCEPT	ACCEPT	ACCEPT	ACCEPT: both accept
rv37_r37_or2b_held_fields_counter_map	ACCEPT	ACCEPT	ACCEPT	ACCEPT: both accept
rv37_r37_or2c_held_fields_map_values	ACCEPT	ACCEPT	ACCEPT	ACCEPT: both accept
rv37_r37_or3_accumulator_copy_mutate	ACCEPT	ACCEPT	ACCEPT	ACCEPT: both accept
rv37_r37_p1_nested_wrapper_blocks_exponential	ACCEPT	ACCEPT	ACCEPT	ACCEPT: both accept
rv37_r37_p1b_compact_memory_limit	ACCEPT	ACCEPT	ACCEPT	ACCEPT: both accept
rv37_r37_p2_closure_application_seeding	ACCEPT	ACCEPT	ACCEPT	ACCEPT: both accept
rv37_r37i_1_alt_closure_second_branch	REJECT	SEC_REJECT	SEC_REJECT	REJECT: both reject
rv37_r37i_2_chosen_captures_block_local	REJECT	SEC_REJECT	SEC_REJECT	REJECT: both reject
rv37_r37i_3_fn_identity_trusted_known	REJECT	SEC_REJECT	SEC_REJECT	REJECT: both reject
rv37_r37i_4_expr_position_fn_reassign	REJECT	SEC_REJECT	SEC_REJECT	REJECT: both reject
rv37_whole13b_r37s_fv_lost_builder_dispatch	REJECT	SEC_REJECT	SEC_REJECT	REJECT: both reject
rv37_whole13b_r37s_fv_lost_egress_symmetric	REJECT	SEC_REJECT	SEC_REJECT	REJECT: both reject
rv37_whole13b_r37s_fv_match_arg	REJECT	SEC_REJECT	SEC_REJECT	REJECT: both reject
rv37_whole13b_r37s_fv_nested_apply	REJECT	SEC_REJECT	SEC_REJECT	REJECT: both reject
rv37_whole13b_r37s_fv_reduce_seed	REJECT	SEC_REJECT	SEC_REJECT	REJECT: both reject
rv37_whole13b_r37s_loopfb_budget	REJECT	SEC_REJECT	SEC_REJECT	REJECT: both reject
rv37_whole13b_r37s_loopfb_chain	REJECT	SEC_REJECT	SEC_REJECT	REJECT: both reject
rv37j_block_tail_write_enf	REJECT	SEC_REJECT	SEC_REJECT	REJECT: both reject
rv37j_block_tail_write_param	REJECT	SEC_REJECT	SEC_REJECT	REJECT: both reject
rv37j_block_tail_write_ret	REJECT	SEC_REJECT	SEC_REJECT	REJECT: both reject
rv37j_break_in_arm_ret	REJECT	SEC_REJECT	SEC_REJECT	REJECT: both reject
rv37j_cont_enf	REJECT	SEC_REJECT	SEC_REJECT	REJECT: both reject
rv37j_cont_param	REJECT	SEC_REJECT	SEC_REJECT	REJECT: both reject
rv37j_expr_block_write_enf	REJECT	SEC_REJECT	SEC_REJECT	REJECT: both reject
rv37j_expr_block_write_loop_enf	REJECT	SEC_REJECT	SEC_REJECT	REJECT: both reject
rv37j_expr_block_write_param	REJECT	SEC_REJECT	SEC_REJECT	REJECT: both reject
rv37j_expr_block_write_same_expr	REJECT	SEC_REJECT	SEC_REJECT	REJECT: both reject
rv37j_expr_block_write_vb	REJECT	SEC_REJECT	SEC_REJECT	REJECT: both reject
rv37j_failed_guard_write_enf	REJECT	SEC_REJECT	SEC_REJECT	REJECT: both reject
rv37j_failed_guard_write_param	REJECT	SEC_REJECT	SEC_REJECT	REJECT: both reject
rv37j_failed_guard_write_ret	REJECT	SEC_REJECT	SEC_REJECT	REJECT: both reject
rv37j_for_binder_shadow_ret	REJECT	SEC_REJECT	SEC_REJECT	REJECT: both reject
rv37j_for_range_end_enf	REJECT	SEC_REJECT	SEC_REJECT	REJECT: both reject
rv37j_guard_write_enf	REJECT	SEC_REJECT	SEC_REJECT	REJECT: both reject
rv37j_guard_write_ret	REJECT	SEC_REJECT	SEC_REJECT	REJECT: both reject
rv37j_hybrid_lane_write_enf	REJECT	SEC_REJECT	SEC_REJECT	REJECT: both reject
rv37j_ok_block_tail_write_unread	ACCEPT	ACCEPT	ACCEPT	ACCEPT: both accept
rv37j_ok_break_after_clear	ACCEPT	ACCEPT	ACCEPT	ACCEPT: both accept
rv37j_ok_continue_after_clear	ACCEPT	ACCEPT	ACCEPT	ACCEPT: both accept
rv37j_ok_entry_label_killed_in_loop	ACCEPT	ACCEPT	ACCEPT	ACCEPT: both accept
rv37j_ok_every_arm_shadows	ACCEPT	ACCEPT	ACCEPT	ACCEPT: both accept
rv37j_ok_expr_block_then_own_write	ACCEPT	ACCEPT	ACCEPT	ACCEPT: both accept
rv37j_ok_expr_block_write_cleared_enf	ACCEPT	ACCEPT	ACCEPT	ACCEPT: both accept
rv37j_ok_for_range_public	ACCEPT	ACCEPT	ACCEPT	ACCEPT: both accept
rv37j_ok_guard_write_cleared	ACCEPT	ACCEPT	ACCEPT	ACCEPT: both accept
rv37j_ok_hybrid_lane_public	ACCEPT	ACCEPT	ACCEPT	ACCEPT: both accept
rv37j_ok_later_full_overwrite	ACCEPT	ACCEPT	ACCEPT	ACCEPT: both accept
rv37j_ok_later_overwrite_match	ACCEPT	ACCEPT	ACCEPT	ACCEPT: both accept
rv37j_ok_sanitize_then_reuse	ACCEPT	ACCEPT	ACCEPT	ACCEPT: both accept
rv37j_ok_taint_temp_reuse	ACCEPT	ACCEPT	ACCEPT	ACCEPT: both accept
rv37j_ok_temp_reuse_two_loops	ACCEPT	ACCEPT	ACCEPT	ACCEPT: both accept
rv37j_ok_whilelet_head_public	ACCEPT	ACCEPT	ACCEPT	ACCEPT: both accept
rv37j_shadow_nested_enf	REJECT	SEC_REJECT	SEC_REJECT	REJECT: both reject
rv37j_shadow_nested_ret	REJECT	SEC_REJECT	SEC_REJECT	REJECT: both reject
rv37j_vb_continue	REJECT	SEC_REJECT	SEC_REJECT	REJECT: both reject
rv37j_vb_loop_carry	REJECT	SEC_REJECT	SEC_REJECT	REJECT: both reject
rv37j_vb_loop_carry_enf	REJECT	SEC_REJECT	SEC_REJECT	REJECT: both reject
rv37j_whilelet_binder_param	REJECT	SEC_REJECT	SEC_REJECT	REJECT: both reject
rv37j_whilelet_head_enf	REJECT	SEC_REJECT	SEC_REJECT	REJECT: both reject
rv37x_a_or0_iflet_declared	ACCEPT	ACCEPT	ACCEPT	ACCEPT: both accept
rv37x_a_or0_user_enum_payload	ACCEPT	ACCEPT	ACCEPT	ACCEPT: both accept
rv37x_d_copy	REJECT	SEC_REJECT	SEC_REJECT	REJECT: both reject
rv37x_enum_mixed	REJECT	SEC_REJECT	SEC_REJECT	REJECT: both reject
rv37x_or_helper_fn	ACCEPT	ACCEPT	SEC_REJECT	ACCEPT: v2 accepts a lanes over-refusal
rv37x_or_reduce_fn	ACCEPT	ACCEPT	SEC_REJECT	ACCEPT: v2 accepts a lanes over-refusal
rv37x_overrefusal_loopfb_budget_builtin	ACCEPT	ACCEPT	SEC_REJECT	ACCEPT: v2 accepts a lanes over-refusal
rv37x_overrefusal_loopfb_fn_in_scope_builtin	ACCEPT	ACCEPT	SEC_REJECT	ACCEPT: v2 accepts a lanes over-refusal
rv37x_overrefusal_loopfb_print_fn_value	ACCEPT	ACCEPT	SEC_REJECT	ACCEPT: v2 accepts a lanes over-refusal
rv37x_pay_mixed	REJECT	SEC_REJECT	SEC_REJECT	REJECT: both reject
rv37x_w1	REJECT	SEC_REJECT	SEC_REJECT	REJECT: both reject
rv38_r38_declared_let_type_trusted	REJECT	SEC_REJECT	SEC_REJECT	REJECT: both reject
rv38_r38_fix7_scalar_leaf_declared_scalar	REJECT	SEC_REJECT	SEC_REJECT	REJECT: both reject
rv38_r38_loose_l1_listkeeps_pushshadow	REJECT	SEC_REJECT	SEC_REJECT	REJECT: both reject
rv38_r38_loose_l2_pushshadow_part_staleness	REJECT	SEC_REJECT	SEC_REJECT	REJECT: both reject
rv38_r38_loose_l4_sure_released_secret_as_t	REJECT	SEC_REJECT	SEC_REJECT	REJECT: both reject
rv38_r38_loose_l5_nested_secret_dispatched_as_t	REJECT	SEC_REJECT	SEC_REJECT	REJECT: both reject
rv38_r38b_10_call_callback_returns_closure	REJECT	SEC_REJECT	SEC_REJECT	REJECT: both reject
rv38_r38b_11_call_callback_returns_printing_fn	REJECT	SEC_REJECT	SEC_REJECT	REJECT: both reject
rv38_r38b_12_perf_bound_chain_memory	ACCEPT	ACCEPT	ACCEPT	ACCEPT: both accept
rv38_r38b_14_overrefusal_exprwrite_keeps_stale_alias	ACCEPT	ACCEPT	SEC_REJECT	ACCEPT: v2 accepts a lanes over-refusal
rv38_r38b_1_merge_drops_bound_map	REJECT	SEC_REJECT	SEC_REJECT	REJECT: both reject
rv38_r38b_2_loop_drops_bound_map	REJECT	SEC_REJECT	SEC_REJECT	REJECT: both reject
rv38_r38b_3_exprwrite_in_stmt_if_map	REJECT	SEC_REJECT	SEC_REJECT	REJECT: both reject
rv38_r38b_4_for_reduce_apply	REJECT	SEC_REJECT	SEC_REJECT	REJECT: both reject
rv38_r38b_5_stmt_if_chooser_call	REJECT	SEC_REJECT	SEC_REJECT	REJECT: both reject
rv38_r38b_6_merge_drops_bound_direct_call	REJECT	SEC_REJECT	SEC_REJECT	REJECT: both reject
rv38_r38b_7_helper_closure_chosen_by_branch	REJECT	SEC_REJECT	SEC_REJECT	REJECT: both reject
rv38_r38b_8_helper_returns_local_closure	REJECT	SEC_REJECT	SEC_REJECT	REJECT: both reject
rv38_r38b_9_apply_callback_returns_closure	REJECT	SEC_REJECT	SEC_REJECT	REJECT: both reject
rv38_r38b_l10_arm_run_loses_sequencing	REJECT	SEC_REJECT	SEC_REJECT	REJECT: both reject
rv38_r38b_l11_band_block_valued_by_last_statement	REJECT	SEC_REJECT	SEC_REJECT	REJECT: both reject
rv38_r38b_l12_nested_apply_call_egress	REJECT	SEC_REJECT	SEC_REJECT	REJECT: both reject
rv38_r38b_l13_callback_returns_function	REJECT	SEC_REJECT	SEC_REJECT	REJECT: both reject
rv38_r38b_l1_three_bands	REJECT	SEC_REJECT	SEC_REJECT	REJECT: both reject
rv38_r38b_l2_assignment_band_hot_gate	REJECT	SEC_REJECT	SEC_REJECT	REJECT: both reject
rv38_r38b_l3_assignment_band_in_arm	REJECT	SEC_REJECT	SEC_REJECT	REJECT: both reject
rv38_r38b_l4_user_fn_forwards_function_arg	REJECT	SEC_REJECT	SEC_REJECT	REJECT: both reject
rv38_r38b_l5_user_fn_returns_named_fn	REJECT	SEC_REJECT	SEC_REJECT	REJECT: both reject
rv38_r38b_l6_method_forwards_function_arg	REJECT	SEC_REJECT	SEC_REJECT	REJECT: both reject
rv38_r38b_l7_chooser_helper_returns_function	REJECT	SEC_REJECT	SEC_REJECT	REJECT: both reject
rv38_r38b_l8_user_fn_returns_lambda	REJECT	SEC_REJECT	SEC_REJECT	REJECT: both reject
rv38_r38b_l9_arm_run_ignores_guard_write	REJECT	SEC_REJECT	SEC_REJECT	REJECT: both reject
rv38_r38b_o1_whole_binder_scrutinee_at_view	ACCEPT	ACCEPT	ACCEPT	ACCEPT: both accept
rv38_r38b_o2_phantom_reads_shadowed_function	ACCEPT	ACCEPT	ACCEPT	ACCEPT: both accept
rv38_r38b_p1_nested_wrappers_writing_outer_name	ACCEPT	ACCEPT	ACCEPT	ACCEPT: both accept
rv38_r38b_p2_nested_arms_writing_outer_name	ACCEPT	ACCEPT	ACCEPT	ACCEPT: both accept
rv38_r38b_p3_hot_band_nesting	ACCEPT	ACCEPT	ACCEPT	ACCEPT: both accept
rv38_r38d_l1_self_part_edge_dropped	REJECT	SEC_REJECT	SEC_REJECT	REJECT: both reject
rv38_r38d_l2_element_root_lost_through_alias	REJECT	SEC_REJECT	SEC_REJECT	REJECT: both reject
rv38_r38d_l3_callee_writes_self_then_returns_it	REJECT	SEC_REJECT	SEC_REJECT	REJECT: both reject
rv38_r38d_l4_declared_result_parts_written_in_callee	REJECT	SEC_REJECT	SEC_REJECT	REJECT: both reject
rv38_r38d_l5_local_named_push_hides_statement_push	REJECT	SEC_REJECT	SEC_REJECT	REJECT: both reject
rv38_r38d_o1_twice_rule_binder_elsewhere	ACCEPT	ACCEPT	ACCEPT	ACCEPT: both accept
rv38_r38d_o2_joined_container_name_leaves	ACCEPT	ACCEPT	ACCEPT	ACCEPT: both accept
rv38_r38d_p1_quadratic_staleness_per_receiver	ACCEPT	ACCEPT	ACCEPT	ACCEPT: both accept
rv38c_u_main	REJECT	SEC_REJECT	SEC_REJECT	REJECT: both reject
rv38c_u_mk	REJECT	SEC_REJECT	SEC_REJECT	REJECT: both reject
rv38c_u_mk_twin	ACCEPT	ACCEPT	ACCEPT	ACCEPT: both accept
rv38x_bands_acc_apply_callback_returns_closure_valid	ACCEPT	ACCEPT	ACCEPT	ACCEPT: both accept
rv38x_bands_acc_for_var_band_valid	ACCEPT	ACCEPT	ACCEPT	ACCEPT: both accept
rv38x_bands_acc_l10_valid	ACCEPT	ACCEPT	ACCEPT	ACCEPT: both accept
rv38x_bands_acc_l11_valid	ACCEPT	ACCEPT	ACCEPT	ACCEPT: both accept
rv38x_bands_acc_l12_valid	ACCEPT	ACCEPT	ACCEPT	ACCEPT: both accept
rv38x_bands_acc_l13_valid	ACCEPT	ACCEPT	ACCEPT	ACCEPT: both accept
rv38x_bands_acc_l1_valid	ACCEPT	ACCEPT	ACCEPT	ACCEPT: both accept
rv38x_bands_acc_l1x_valid	ACCEPT	ACCEPT	ACCEPT	ACCEPT: both accept
rv38x_bands_acc_l2_valid	ACCEPT	ACCEPT	ACCEPT	ACCEPT: both accept
rv38x_bands_acc_l2x_valid	ACCEPT	ACCEPT	ACCEPT	ACCEPT: both accept
rv38x_bands_acc_l3_valid	ACCEPT	ACCEPT	ACCEPT	ACCEPT: both accept
rv38x_bands_acc_l9_valid	ACCEPT	ACCEPT	ACCEPT	ACCEPT: both accept
rv38x_bands_acc_o2a_shadow_lambda_both_branches	ACCEPT	ACCEPT	ACCEPT	ACCEPT: both accept
rv38x_bands_acc_o2b_shadow_lambda_wrapped	ACCEPT	ACCEPT	ACCEPT	ACCEPT: both accept
rv38x_bands_acc_o2c_shadow_lambda_nowrap	ACCEPT	ACCEPT	ACCEPT	ACCEPT: both accept
rv38x_bands_acc_perf_p1w_20	ACCEPT	ACCEPT	ACCEPT	ACCEPT: both accept
rv38x_bands_acc_perf_p5_arm_10	ACCEPT	ACCEPT	ACCEPT	ACCEPT: both accept
rv38x_bands_acc_perf_p6_nest_60	ACCEPT	ACCEPT	ACCEPT	ACCEPT: both accept
rv38x_bands_acc_reduce_fold_returns_param	ACCEPT	ACCEPT	ACCEPT	ACCEPT: both accept
rv38x_bands_acc_sticky_lossy_public_arg	ACCEPT	ACCEPT	ACCEPT	ACCEPT: both accept
rv38x_bands_ovr_sticky_container_rebind	ACCEPT	ACCEPT	SEC_REJECT	ACCEPT: v2 accepts a lanes over-refusal
rv38x_bands_rej_apply_callback_returns_closure_fnbody	REJECT	SEC_REJECT	SEC_REJECT	REJECT: both reject
rv38x_bands_rej_call_callback_returns_user_fn_value	REJECT	SEC_REJECT	SEC_REJECT	REJECT: both reject
rv38x_bands_rej_for_var_band	REJECT	SEC_REJECT	SEC_REJECT	REJECT: both reject
rv38x_bands_rej_l1x_four_bands_mixed	REJECT	SEC_REJECT	SEC_REJECT	REJECT: both reject
rv38x_bands_rej_l2x_five_assignment_bands	REJECT	SEC_REJECT	SEC_REJECT	REJECT: both reject
rv38x_bands_rej_v_as_b2	REJECT	SEC_REJECT	SEC_REJECT	REJECT: both reject
rv38x_bands_rej_v_as_b4	REJECT	SEC_REJECT	SEC_REJECT	REJECT: both reject
rv38x_bands_rej_v_b1semi	REJECT	SEC_REJECT	SEC_REJECT	REJECT: both reject
rv38x_bands_rej_v_b3m	REJECT	SEC_REJECT	SEC_REJECT	REJECT: both reject
rv38x_bands_rej_v_b_let	REJECT	SEC_REJECT	SEC_REJECT	REJECT: both reject
rv38x_bands_rej_v_fv6	REJECT	SEC_REJECT	SEC_REJECT	REJECT: both reject
rv38x_bands_rej_v_g1m	REJECT	SEC_REJECT	SEC_REJECT	REJECT: both reject
rv38x_bands_rej_v_g2m	REJECT	SEC_REJECT	SEC_REJECT	REJECT: both reject
rv38x_bands_rej_v_nd1fn	REJECT	SEC_REJECT	SEC_REJECT	REJECT: both reject
rv38x_bands_rej_v_nd1main	REJECT	SEC_REJECT	SEC_REJECT	REJECT: both reject
rv38x_bands_rej_v_nd4fn	REJECT	SEC_REJECT	SEC_REJECT	REJECT: both reject
rv38x_bands_rej_v_nd4main	REJECT	SEC_REJECT	SEC_REJECT	REJECT: both reject
rv38x_bound_acc_b10_scalar_then_fn	ACCEPT	ACCEPT	ACCEPT	ACCEPT: both accept
rv38x_bound_acc_b11_unrelated_join	ACCEPT	ACCEPT	ACCEPT	ACCEPT: both accept
rv38x_bound_acc_b12_match_stmt_named	ACCEPT	ACCEPT	ACCEPT	ACCEPT: both accept
rv38x_bound_acc_b15_for_var_named_copy_in_if	ACCEPT	ACCEPT	SEC_REJECT	ACCEPT: v2 accepts a lanes over-refusal
rv38x_bound_acc_b1_if_blockalias_map	ACCEPT	ACCEPT	ACCEPT	ACCEPT: both accept
rv38x_bound_acc_b2_while_blockalias_map	ACCEPT	ACCEPT	ACCEPT	ACCEPT: both accept
rv38x_bound_acc_b3_if_exprwrite_map	ACCEPT	ACCEPT	ACCEPT	ACCEPT: both accept
rv38x_bound_acc_b6_if_blockalias_direct	ACCEPT	ACCEPT	ACCEPT	ACCEPT: both accept
rv38x_bound_acc_b7_while_head_carried	ACCEPT	ACCEPT	ACCEPT	ACCEPT: both accept
rv38x_bound_acc_b7b_while_head_named	ACCEPT	ACCEPT	ACCEPT	ACCEPT: both accept
rv38x_bound_acc_b8_if_closure_reassign	ACCEPT	ACCEPT	ACCEPT	ACCEPT: both accept
rv38x_bound_acc_b9_if_closure_reassign_map	ACCEPT	ACCEPT	ACCEPT	ACCEPT: both accept
rv38x_bound_acc_perf_bound_chain_whole200	ACCEPT	ACCEPT	ACCEPT	ACCEPT: both accept
rv38x_bound_matrix_open_whole10_r33_r33_l1_closure_reassigned_in_mai	REJECT	SEC_REJECT	SEC_REJECT	REJECT: both reject
rv38x_bound_matrix_open_whole10_r33_r33_mainrot_1	REJECT	SEC_REJECT	SEC_REJECT	REJECT: both reject
rv38x_bound_matrix_open_whole5_r28_s3_closure_reassigned	REJECT	SEC_REJECT	SEC_REJECT	REJECT: both reject
rv38x_bound_rej_b10_match_stmt_blockalias	REJECT	SEC_REJECT	SEC_REJECT	REJECT: both reject
rv38x_bound_rej_b11_iflet_stmt_blockalias	REJECT	SEC_REJECT	SEC_REJECT	REJECT: both reject
rv38x_bound_rej_b12_ifelse_both	REJECT	SEC_REJECT	SEC_REJECT	REJECT: both reject
rv38x_bound_rej_b13_for_exprwrite	REJECT	SEC_REJECT	SEC_REJECT	REJECT: both reject
rv38x_bound_rej_b14_loop_blockalias	REJECT	SEC_REJECT	SEC_REJECT	REJECT: both reject
rv38x_bound_rej_b15_nested_if	REJECT	SEC_REJECT	SEC_REJECT	REJECT: both reject
rv38x_bound_rej_b16_for_head_carried	REJECT	SEC_REJECT	SEC_REJECT	REJECT: both reject
rv38x_bound_rej_b17_for_var_lambda_copy	REJECT	SEC_REJECT	SEC_REJECT	REJECT: both reject
rv38x_bound_rej_b18_for_var_lambda_copy_in_if	REJECT	SEC_REJECT	SEC_REJECT	REJECT: both reject
rv38x_bound_rej_b7_while_head_carried	REJECT	SEC_REJECT	SEC_REJECT	REJECT: both reject
rv38x_bound_rej_b8_if_closure_reassign	REJECT	SEC_REJECT	SEC_REJECT	REJECT: both reject
rv38x_bound_rej_b9_if_closure_reassign_map	REJECT	SEC_REJECT	SEC_REJECT	REJECT: both reject
rv38x_domai_l4x_declared_fn_returns_arg	REJECT	SEC_REJECT	SEC_REJECT	REJECT: both reject
rv38x_domai_l4x_declared_method_returns_arg	REJECT	SEC_REJECT	SEC_REJECT	REJECT: both reject
rv38x_domai_l4x_hof_calls_formal	REJECT	SEC_REJECT	SEC_REJECT	REJECT: both reject
rv38x_domai_l4x_hof_map_formal	REJECT	SEC_REJECT	SEC_REJECT	REJECT: both reject
rv38x_domai_l4x_hof_map_named_writer	REJECT	SEC_REJECT	SEC_REJECT	REJECT: both reject
rv38x_domai_l4x_part_of_writer_call	REJECT	SEC_REJECT	SEC_REJECT	REJECT: both reject
rv38x_domai_rv38d2_l1_se1_fn_result_field	REJECT	SEC_REJECT	SEC_REJECT	REJECT: both reject
rv38x_domai_rv38d2_l1_se2_element_alias_field	REJECT	SEC_REJECT	SEC_REJECT	REJECT: both reject
rv38x_domai_rv38d2_l1_se5_push_then_index	REJECT	SEC_REJECT	SEC_REJECT	REJECT: both reject
rv38x_domai_rv38d2_l1_se8_conditional_write	REJECT	SEC_REJECT	SEC_REJECT	REJECT: both reject
rv38x_domai_rv38d2_l1_se9_alias_then_index	REJECT	SEC_REJECT	SEC_REJECT	REJECT: both reject
rv38x_domai_rv38d2_l1_self_part_let_index	REJECT	SEC_REJECT	SEC_REJECT	REJECT: both reject
rv38x_domai_rv38d2_l2_el2_alias_part_let	REJECT	SEC_REJECT	SEC_REJECT	REJECT: both reject
rv38x_domai_rv38d2_l2_el3_join_alias	REJECT	SEC_REJECT	SEC_REJECT	REJECT: both reject
rv38x_domai_rv38d2_l2_el4_part_edge	REJECT	SEC_REJECT	SEC_REJECT	REJECT: both reject
rv38x_domai_rv38d2_l2_element_root_alias	REJECT	SEC_REJECT	SEC_REJECT	REJECT: both reject
rv38x_domai_rv38d2_l3_ac10_while_assign	REJECT	SEC_REJECT	SEC_REJECT	REJECT: both reject
rv38x_domai_rv38d2_l3_ac11_part_let	REJECT	SEC_REJECT	SEC_REJECT	REJECT: both reject
rv38x_domai_rv38d2_l3_ac3_join_method	REJECT	SEC_REJECT	SEC_REJECT	REJECT: both reject
rv38x_domai_rv38d2_l3_ac4_join_part_let	REJECT	SEC_REJECT	SEC_REJECT	REJECT: both reject
rv38x_domai_rv38d2_l3_ac6_free_fn	REJECT	SEC_REJECT	SEC_REJECT	REJECT: both reject
rv38x_domai_rv38d2_l3_ac7_if_assign	REJECT	SEC_REJECT	SEC_REJECT	REJECT: both reject
rv38x_domai_rv38d2_l4_cw1_declared_result_fn	REJECT	SEC_REJECT	SEC_REJECT	REJECT: both reject
rv38x_domai_rv38d2_l4x_aliased_writer_fn	REJECT	SEC_REJECT	SEC_REJECT	REJECT: both reject
rv38x_domai_rv38d2_l4x_declared_fn_returns_arg	REJECT	SEC_REJECT	SEC_REJECT	REJECT: both reject
rv38x_domai_rv38d2_l4x_declared_method_returns_arg	REJECT	SEC_REJECT	SEC_REJECT	REJECT: both reject
rv38x_domai_rv38d2_l4x_hof_calls_formal	REJECT	SEC_REJECT	SEC_REJECT	REJECT: both reject
rv38x_domai_rv38d2_l4x_hof_map_formal	REJECT	SEC_REJECT	SEC_REJECT	REJECT: both reject
rv38x_domai_rv38d2_l4x_hof_map_named_writer	REJECT	SEC_REJECT	SEC_REJECT	REJECT: both reject
rv38x_domai_rv38d2_l4x_part_of_writer_call	REJECT	SEC_REJECT	SEC_REJECT	REJECT: both reject
rv38x_domai_rv38d2_o1_ctl_renamed	ACCEPT	ACCEPT	ACCEPT	ACCEPT: both accept
rv38x_domai_rv38d2_o1_or1_loop_var_join	ACCEPT	ACCEPT	ACCEPT	ACCEPT: both accept
rv38x_domai_rv38d2_o1_or2_lambda_param	ACCEPT	ACCEPT	ACCEPT	ACCEPT: both accept
rv38x_domai_rv38d2_o1_or5_block_let_scalar	ACCEPT	ACCEPT	SEC_REJECT	ACCEPT: v2 accepts a lanes over-refusal
rv38x_domai_rv38d2_o1_or6_filter_param_join	ACCEPT	ACCEPT	ACCEPT	ACCEPT: both accept
rv38x_domai_rv38d2_o1g_loop_var_read_in_body	REJECT	SEC_REJECT	SEC_REJECT	REJECT: both reject
rv38x_domai_rv38d2_o1g_loop_var_shadow_after	REJECT	SEC_REJECT	SEC_REJECT	REJECT: both reject
rv38x_domai_rv38d2_o2_ctl_literals	ACCEPT	ACCEPT	ACCEPT	ACCEPT: both accept
rv38x_domai_rv38d2_o2_orb1_maybe_empty	ACCEPT	ACCEPT	ACCEPT	ACCEPT: both accept
rv38x_domai_rv38d2_ok_declared_nonwriter_call	ACCEPT	ACCEPT	ACCEPT	ACCEPT: both accept
rv38x_domai_rv38d2_ok_element_alias_unwritten	ACCEPT	ACCEPT	ACCEPT	ACCEPT: both accept
rv38x_domai_rv38d2_ok_l1_twin_same_type_write	ACCEPT	ACCEPT	ACCEPT	ACCEPT: both accept
rv38x_domai_rv38d2_ok_l2_twin_same_type_write	ACCEPT	ACCEPT	ACCEPT	ACCEPT: both accept
rv38x_domai_rv38d2_ok_l3_twin_same_type	ACCEPT	ACCEPT	ACCEPT	ACCEPT: both accept
rv38x_domai_rv38d2_ok_l4_twin_same_type	ACCEPT	ACCEPT	ACCEPT	ACCEPT: both accept
rv38x_domai_rv38d2_ok_l4x_twin_same_type	ACCEPT	ACCEPT	ACCEPT	ACCEPT: both accept
rv38x_domai_rv38d2_ok_self_part_let_unwritten	ACCEPT	ACCEPT	ACCEPT	ACCEPT: both accept
rv38x_domai_rv38d2_ok_writer_method_own_dispatch	ACCEPT	ACCEPT	ACCEPT	ACCEPT: both accept
rv38x_fnret_documented_refusal_after_patch_fd_compose_pub_field	ACCEPT	ACCEPT	SEC_REJECT	ACCEPT: v2 accepts a lanes over-refusal
rv38x_fnret_documented_refusal_after_patch_fd_recursive_wrapper_retu	ACCEPT	ACCEPT	SEC_REJECT	ACCEPT: v2 accepts a lanes over-refusal
rv38x_fnret_fr_x_10_reduce_closure	REJECT	SEC_REJECT	SEC_REJECT	REJECT: both reject
rv38x_fnret_fr_x_11_body	REJECT	SEC_REJECT	SEC_REJECT	REJECT: both reject
rv38x_fnret_fr_x_11_reduce_pr	REJECT	SEC_REJECT	SEC_REJECT	REJECT: both reject
rv38x_fnret_fr_x_11_reduce_print	REJECT	SEC_REJECT	SEC_REJECT	REJECT: both reject
rv38x_fnret_fr_x_7_block_alias	REJECT	SEC_REJECT	SEC_REJECT	REJECT: both reject
rv38x_fnret_fr_x_7_else_zero	REJECT	SEC_REJECT	SEC_REJECT	REJECT: both reject
rv38x_fnret_fr_x_7_match_arm	REJECT	SEC_REJECT	SEC_REJECT	REJECT: both reject
rv38x_fnret_fr_x_8_body	REJECT	SEC_REJECT	SEC_REJECT	REJECT: both reject
rv38x_fnret_fr_x_8_method_mk	REJECT	SEC_REJECT	SEC_REJECT	REJECT: both reject
rv38x_fnret_fr_x_8_method_mk2	REJECT	SEC_REJECT	SEC_REJECT	REJECT: both reject
rv38x_fnret_fr_x_8_mk2_rebind	REJECT	SEC_REJECT	SEC_REJECT	REJECT: both reject
rv38x_fnret_fr_x_8_mk6	REJECT	SEC_REJECT	SEC_REJECT	REJECT: both reject
rv38x_fnret_fr_x_argpass	REJECT	SEC_REJECT	SEC_REJECT	REJECT: both reject
rv38x_fnret_fr_x_chain_body	REJECT	SEC_REJECT	SEC_REJECT	REJECT: both reject
rv38x_fnret_fr_x_chain_identity	REJECT	SEC_REJECT	SEC_REJECT	REJECT: both reject
rv38x_fnret_fr_x_chain_main	REJECT	SEC_REJECT	SEC_REJECT	REJECT: both reject
rv38x_fnret_fr_x_compose_body	REJECT	SEC_REJECT	SEC_REJECT	REJECT: both reject
rv38x_fnret_fr_x_compose_main	REJECT	SEC_REJECT	SEC_REJECT	REJECT: both reject
rv38x_fnret_fr_x_l8_closure_arg	REJECT	SEC_REJECT	SEC_REJECT	REJECT: both reject
rv38x_fnret_fr_x_map_callback_call	REJECT	SEC_REJECT	SEC_REJECT	REJECT: both reject
rv38x_fnret_fr_x_recursive_return	REJECT	SEC_REJECT	SEC_REJECT	REJECT: both reject
rv38x_fnret_fv_10_call_cb_closure	ACCEPT	ACCEPT	ACCEPT	ACCEPT: both accept
rv38x_fnret_fv_11_call_cb_printfn	ACCEPT	ACCEPT	ACCEPT	ACCEPT: both accept
rv38x_fnret_fv_11_call_cb_zero	ACCEPT	ACCEPT	ACCEPT	ACCEPT: both accept
rv38x_fnret_fv_7_branch_closure	ACCEPT	ACCEPT	ACCEPT	ACCEPT: both accept
rv38x_fnret_fv_8_local_closure	ACCEPT	ACCEPT	ACCEPT	ACCEPT: both accept
rv38x_fnret_fv_9_apply_cb_closure	ACCEPT	ACCEPT	ACCEPT	ACCEPT: both accept
rv38x_fnret_fv_l4_forward_arg	ACCEPT	ACCEPT	ACCEPT	ACCEPT: both accept
rv38x_fnret_fv_l5_named_fn	ACCEPT	ACCEPT	ACCEPT	ACCEPT: both accept
rv38x_fnret_fv_l6_method_forward	ACCEPT	ACCEPT	ACCEPT	ACCEPT: both accept
rv38x_fnret_fv_l7_chooser	ACCEPT	ACCEPT	ACCEPT	ACCEPT: both accept
rv38x_fnret_fv_l8_lambda	ACCEPT	ACCEPT	ACCEPT	ACCEPT: both accept
rv38x_fnret_fv_x_chain_body	ACCEPT	ACCEPT	ACCEPT	ACCEPT: both accept
rv38x_fnret_fv_x_compose_pub	ACCEPT	ACCEPT	ACCEPT	ACCEPT: both accept
rv38x_fnret_fv_x_map_callback_call	ACCEPT	ACCEPT	ACCEPT	ACCEPT: both accept
rv38x_fnret_fv_x_recursive_return	ACCEPT	ACCEPT	ACCEPT	ACCEPT: both accept
rv38x_fnret_fv_x_reduce_pr_pub	ACCEPT	ACCEPT	ACCEPT	ACCEPT: both accept
rv38x_fnret_fv_x_returned_fn_discards	ACCEPT	ACCEPT	ACCEPT	ACCEPT: both accept
rv38x_fnret_fv_x_value_returning	ACCEPT	ACCEPT	ACCEPT	ACCEPT: both accept
rv38x_push_acc_pl_dt_annot_call_returns_t	ACCEPT	ACCEPT	ACCEPT	ACCEPT: both accept
rv38x_push_acc_pl_dt_builtin_element	ACCEPT	ACCEPT	ACCEPT	ACCEPT: both accept
rv38x_push_acc_pl_dt_declared_result_returns_t	ACCEPT	ACCEPT	ACCEPT	ACCEPT: both accept
rv38x_push_acc_pl_dt_method_returns_own	ACCEPT	ACCEPT	ACCEPT	ACCEPT: both accept
rv38x_push_acc_pl_dt_public_field_arg	ACCEPT	ACCEPT	ACCEPT	ACCEPT: both accept
rv38x_push_acc_pl_expression_push_calls_local	ACCEPT	ACCEPT	ACCEPT	ACCEPT: both accept
rv38x_push_acc_pl_f7_arith_scalar	ACCEPT	ACCEPT	ACCEPT	ACCEPT: both accept
rv38x_push_acc_pl_f7_declared_scalar_literal	ACCEPT	ACCEPT	ACCEPT	ACCEPT: both accept
rv38x_push_acc_pl_l1_public_field_arg	ACCEPT	ACCEPT	ACCEPT	ACCEPT: both accept
rv38x_push_acc_pl_l2_public_field_arg	ACCEPT	ACCEPT	ACCEPT	ACCEPT: both accept
rv38x_push_acc_pl_l4_public_field_arg	ACCEPT	ACCEPT	ACCEPT	ACCEPT: both accept
rv38x_push_acc_pl_other_list_unwritten	ACCEPT	ACCEPT	ACCEPT	ACCEPT: both accept
rv38x_push_rej_pl_dt_closure_call_annotated	REJECT	SEC_REJECT	SEC_REJECT	REJECT: both reject
rv38x_push_rej_pl_dt_declared_method_result	REJECT	SEC_REJECT	SEC_REJECT	REJECT: both reject
rv38x_push_rej_pl_dt_declassify_wrapped_call	REJECT	SEC_REJECT	SEC_REJECT	REJECT: both reject
rv38x_push_rej_pl_dt_t2_declared_fn_result	REJECT	SEC_REJECT	SEC_REJECT	REJECT: both reject
rv38x_push_rej_pl_f7_s5_declared_str_result	REJECT	SEC_REJECT	SEC_REJECT	REJECT: both reject
rv38x_push_rej_pl_l4_blocklocal_push_loose	REJECT	SEC_REJECT	SEC_REJECT	REJECT: both reject
rv38x_push_rej_pl_l6_payload_elems_pushshadow	REJECT	SEC_REJECT	SEC_REJECT	REJECT: both reject
rv38y_b2_t1	ACCEPT	ACCEPT	ACCEPT	ACCEPT: both accept
rv38y_b2_t3	ACCEPT	ACCEPT	ACCEPT	ACCEPT: both accept
rv38y_b2_t5	ACCEPT	ACCEPT	ACCEPT	ACCEPT: both accept
rv38y_b2_u0	REJECT	SEC_REJECT	SEC_REJECT	REJECT: both reject
rv38y_b2_u1	REJECT	SEC_REJECT	SEC_REJECT	REJECT: both reject
rv38y_b2_u10	REJECT	SEC_REJECT	SEC_REJECT	REJECT: both reject
rv38y_b2_u11	REJECT	SEC_REJECT	SEC_REJECT	REJECT: both reject
rv38y_b2_u2	REJECT	SEC_REJECT	SEC_REJECT	REJECT: both reject
rv38y_b2_u3	REJECT	SEC_REJECT	SEC_REJECT	REJECT: both reject
rv38y_b2_u4b	ACCEPT	ACCEPT	SEC_REJECT	ACCEPT: v2 accepts a lanes over-refusal
rv38y_b2_u5	REJECT	SEC_REJECT	SEC_REJECT	REJECT: both reject
rv38y_b2_u6	REJECT	SEC_REJECT	SEC_REJECT	REJECT: both reject
rv38y_b2_u7	REJECT	SEC_REJECT	SEC_REJECT	REJECT: both reject
rv38y_b2_u8	REJECT	SEC_REJECT	SEC_REJECT	REJECT: both reject
rv38y_b2_u9	REJECT	SEC_REJECT	SEC_REJECT	REJECT: both reject
rv38y_b2_v1	REJECT	SEC_REJECT	SEC_REJECT	REJECT: both reject
rv38y_b2_v10	ACCEPT	ACCEPT	ACCEPT	ACCEPT: both accept
rv38y_b2_v11	REJECT	SEC_REJECT	SEC_REJECT	REJECT: both reject
rv38y_b2_v2	REJECT	SEC_REJECT	SEC_REJECT	REJECT: both reject
rv38y_b2_v3	REJECT	SEC_REJECT	SEC_REJECT	REJECT: both reject
rv38y_b2_v4	REJECT	SEC_REJECT	SEC_REJECT	REJECT: both reject
rv38y_b2_v5	REJECT	SEC_REJECT	SEC_REJECT	REJECT: both reject
rv38y_b2_v6	REJECT	SEC_REJECT	SEC_REJECT	REJECT: both reject
rv38y_b2_v7	REJECT	SEC_REJECT	SEC_REJECT	REJECT: both reject
rv38y_b2_v8	ACCEPT	ACCEPT	SEC_REJECT	ACCEPT: v2 accepts a lanes over-refusal
rv38y_b2_v9	REJECT	SEC_REJECT	SEC_REJECT	REJECT: both reject
rv38y_fr_nested_apply_22	ACCEPT	ACCEPT	ACCEPT	ACCEPT: both accept
rv38y_fr_nested_call_22	ACCEPT	ACCEPT	ACCEPT	ACCEPT: both accept
rv38y_fr_nested_call_22_leak	REJECT	SEC_REJECT	SEC_REJECT	REJECT: both reject
rv38y_fr_nested_reduce_seed_leak	REJECT	SEC_REJECT	SEC_REJECT	REJECT: both reject
rv39_bands_own_local_call_shadow_accept	ACCEPT	ACCEPT	ACCEPT	ACCEPT: both accept
rv39_bands_own_local_call_shadow_reject	REJECT	SEC_REJECT	SEC_REJECT	REJECT: both reject
rv39_bands_own_named_memo_rebinding_accept	ACCEPT	ACCEPT	ACCEPT	ACCEPT: both accept
rv39_bands_own_named_memo_rebinding_reject	REJECT	SEC_REJECT	SEC_REJECT	REJECT: both reject
rv39_bands_own_user_apply_shadow_accept	ACCEPT	ACCEPT	ACCEPT	ACCEPT: both accept
rv39_bands_own_user_apply_shadow_reject	REJECT	SEC_REJECT	SEC_REJECT	REJECT: both reject
rv39_bands_pw_wide40_len_of_fn_list	ACCEPT	ACCEPT	ACCEPT	ACCEPT: both accept
rv39_bands_r39b_f1a	REJECT	SEC_REJECT	SEC_REJECT	REJECT: both reject
rv39_bands_r39b_f1b	REJECT	SEC_REJECT	SEC_REJECT	REJECT: both reject
rv39_bands_r39b_f2	REJECT	SEC_REJECT	SEC_REJECT	REJECT: both reject
rv39_bands_r39b_o1	ACCEPT	ACCEPT	ACCEPT	ACCEPT: both accept
rv39_bands_r39b_o1b_k3_4levels	ACCEPT	ACCEPT	ACCEPT	ACCEPT: both accept
rv39_bands_r39b_p1	ACCEPT	ACCEPT	ACCEPT	ACCEPT: both accept
rv39_bands_r39b_p1b_py_wide40	ACCEPT	ACCEPT	ACCEPT	ACCEPT: both accept
rv39_bands_r39b_p2	ACCEPT	ACCEPT	ACCEPT	ACCEPT: both accept
rv39_bands_t2_acc_deep_apply120	ACCEPT	ACCEPT	ACCEPT	ACCEPT: both accept
rv39_bands_t2_acc_deep_apply50	ACCEPT	ACCEPT	ACCEPT	ACCEPT: both accept
rv39_bands_t2_acc_nonlit_deep	ACCEPT	ACCEPT	ACCEPT	ACCEPT: both accept
rv39_bands_t2_acc_nonlit_deep2	ACCEPT	ACCEPT	ACCEPT	ACCEPT: both accept
rv39_bands_t2_acc_nonlit_twice	ACCEPT	ACCEPT	ACCEPT	ACCEPT: both accept
rv39_bands_t2_acc_p1_first30	ACCEPT	ACCEPT	ACCEPT	ACCEPT: both accept
rv39_bands_t2_acc_p1_identity60	ACCEPT	ACCEPT	ACCEPT	ACCEPT: both accept
rv39_bands_t2_acc_p1_reverse30	ACCEPT	ACCEPT	ACCEPT	ACCEPT: both accept
rv39_bands_t2_acc_p1_str30	ACCEPT	ACCEPT	ACCEPT	ACCEPT: both accept
rv39_bands_t2_acc_p1_unique30	ACCEPT	ACCEPT	ACCEPT	ACCEPT: both accept
rv39_bands_t2_acc_wide_call5	ACCEPT	ACCEPT	ACCEPT	ACCEPT: both accept
rv39_bands_t2_rej_deep_apply120	REJECT	SEC_REJECT	SEC_REJECT	REJECT: both reject
rv39_bands_t2_rej_deep_apply50	REJECT	SEC_REJECT	SEC_REJECT	REJECT: both reject
rv39_bands_t2_rej_nonlit_deep	REJECT	SEC_REJECT	SEC_REJECT	REJECT: both reject
rv39_bands_t2_rej_nonlit_deep2	REJECT	SEC_REJECT	SEC_REJECT	REJECT: both reject
rv39_bands_t2_rej_p1_identity30_leak	REJECT	SEC_REJECT	SEC_REJECT	REJECT: both reject
rv39_bands_t2_rej_wide_call5	REJECT	SEC_REJECT	SEC_REJECT	REJECT: both reject
rv39_bands_t3_ovr_held_positions	ACCEPT	ACCEPT	SEC_REJECT	ACCEPT: v2 accepts a lanes over-refusal
rv39_bands_t_acc_f1_assign_band_call	ACCEPT	ACCEPT	ACCEPT	ACCEPT: both accept
rv39_bands_t_acc_f1_block_apply	ACCEPT	ACCEPT	ACCEPT	ACCEPT: both accept
rv39_bands_t_acc_f1_block_filter	ACCEPT	ACCEPT	ACCEPT	ACCEPT: both accept
rv39_bands_t_acc_f1_block_map	ACCEPT	ACCEPT	ACCEPT	ACCEPT: both accept
rv39_bands_t_acc_f1_callpos_for	ACCEPT	ACCEPT	ACCEPT	ACCEPT: both accept
rv39_bands_t_acc_f1_for_call	ACCEPT	ACCEPT	ACCEPT	ACCEPT: both accept
rv39_bands_t_acc_f1_iflet_part_call	ACCEPT	ACCEPT	ACCEPT	ACCEPT: both accept
rv39_bands_t_acc_f1_let_call	ACCEPT	ACCEPT	ACCEPT	ACCEPT: both accept
rv39_bands_t_acc_f1_match_part_apply	ACCEPT	ACCEPT	ACCEPT	ACCEPT: both accept
rv39_bands_t_acc_f1a_block_call	ACCEPT	ACCEPT	ACCEPT	ACCEPT: both accept
rv39_bands_t_acc_f1b_match_call	ACCEPT	ACCEPT	ACCEPT	ACCEPT: both accept
rv39_bands_t_acc_f2_lamparam_call	ACCEPT	ACCEPT	ACCEPT	ACCEPT: both accept
rv39_bands_t_acc_f2_lamparam_print	ACCEPT	ACCEPT	ACCEPT	ACCEPT: both accept
rv39_bands_t_acc_f2_lamparam_second	ACCEPT	ACCEPT	ACCEPT	ACCEPT: both accept
rv39_bands_t_acc_f2_lamparam_show	ACCEPT	ACCEPT	ACCEPT	ACCEPT: both accept
rv39_bands_t_acc_names_builtin_vars	ACCEPT	ACCEPT	ACCEPT	ACCEPT: both accept
rv39_bands_t_acc_names_struct_vars	ACCEPT	ACCEPT	ACCEPT	ACCEPT: both accept
rv39_bands_t_acc_red_apply2	ACCEPT	ACCEPT	ACCEPT	ACCEPT: both accept
rv39_bands_t_acc_red_apply6	ACCEPT	ACCEPT	ACCEPT	ACCEPT: both accept
rv39_bands_t_acc_red_apply_call_apply	ACCEPT	ACCEPT	ACCEPT	ACCEPT: both accept
rv39_bands_t_acc_red_call_apply	ACCEPT	ACCEPT	ACCEPT	ACCEPT: both accept
rv39_bands_t_acc_red_call_call	ACCEPT	ACCEPT	ACCEPT	ACCEPT: both accept
rv39_bands_t_acc_red_call_call_call	ACCEPT	ACCEPT	ACCEPT	ACCEPT: both accept
rv39_bands_t_acc_red_closure_final	ACCEPT	ACCEPT	ACCEPT	ACCEPT: both accept
rv39_bands_t_acc_red_identity_list	ACCEPT	ACCEPT	ACCEPT	ACCEPT: both accept
rv39_bands_t_acc_red_mixed	ACCEPT	ACCEPT	ACCEPT	ACCEPT: both accept
rv39_bands_t_acc_red_nonlit_apply	ACCEPT	ACCEPT	ACCEPT	ACCEPT: both accept
rv39_bands_t_acc_red_nonlit_call	ACCEPT	ACCEPT	ACCEPT	ACCEPT: both accept
rv39_bands_t_acc_red_print	ACCEPT	ACCEPT	ACCEPT	ACCEPT: both accept
rv39_bands_t_acc_red_ret_fn	ACCEPT	ACCEPT	ACCEPT	ACCEPT: both accept
rv39_bands_t_acc_red_ret_fn2	ACCEPT	ACCEPT	ACCEPT	ACCEPT: both accept
rv39_bands_t_acc_red_ret_fn3	ACCEPT	ACCEPT	ACCEPT	ACCEPT: both accept
rv39_bands_t_acc_red_second_pos	ACCEPT	ACCEPT	ACCEPT	ACCEPT: both accept
rv39_bands_t_acc_red_userfn_list	ACCEPT	ACCEPT	ACCEPT	ACCEPT: both accept
rv39_bands_t_rej_f1_assign_band_call	REJECT	SEC_REJECT	SEC_REJECT	REJECT: both reject
rv39_bands_t_rej_f1_block_apply	REJECT	SEC_REJECT	SEC_REJECT	REJECT: both reject
rv39_bands_t_rej_f1_block_filter	REJECT	SEC_REJECT	SEC_REJECT	REJECT: both reject
rv39_bands_t_rej_f1_block_map	REJECT	SEC_REJECT	SEC_REJECT	REJECT: both reject
rv39_bands_t_rej_f1_callpos_for	REJECT	SEC_REJECT	SEC_REJECT	REJECT: both reject
rv39_bands_t_rej_f1_for_call	REJECT	SEC_REJECT	SEC_REJECT	REJECT: both reject
rv39_bands_t_rej_f1_iflet_part_call	REJECT	SEC_REJECT	SEC_REJECT	REJECT: both reject
rv39_bands_t_rej_f1_let_call	REJECT	SEC_REJECT	SEC_REJECT	REJECT: both reject
rv39_bands_t_rej_f1_match_part_apply	REJECT	SEC_REJECT	SEC_REJECT	REJECT: both reject
rv39_bands_t_rej_f1a_block_call	REJECT	SEC_REJECT	SEC_REJECT	REJECT: both reject
rv39_bands_t_rej_f1b_match_call	REJECT	SEC_REJECT	SEC_REJECT	REJECT: both reject
rv39_bands_t_rej_f2_lamparam_call	REJECT	SEC_REJECT	SEC_REJECT	REJECT: both reject
rv39_bands_t_rej_f2_lamparam_print	REJECT	SEC_REJECT	SEC_REJECT	REJECT: both reject
rv39_bands_t_rej_f2_lamparam_second	REJECT	SEC_REJECT	SEC_REJECT	REJECT: both reject
rv39_bands_t_rej_f2_lamparam_show	REJECT	SEC_REJECT	SEC_REJECT	REJECT: both reject
rv39_bands_t_rej_names_struct_vars	REJECT	SEC_REJECT	SEC_REJECT	REJECT: both reject
rv39_bands_t_rej_red_apply2	REJECT	SEC_REJECT	SEC_REJECT	REJECT: both reject
rv39_bands_t_rej_red_apply3	REJECT	SEC_REJECT	SEC_REJECT	REJECT: both reject
rv39_bands_t_rej_red_apply4	REJECT	SEC_REJECT	SEC_REJECT	REJECT: both reject
rv39_bands_t_rej_red_apply6	REJECT	SEC_REJECT	SEC_REJECT	REJECT: both reject
rv39_bands_t_rej_red_apply_call_apply	REJECT	SEC_REJECT	SEC_REJECT	REJECT: both reject
rv39_bands_t_rej_red_call_apply	REJECT	SEC_REJECT	SEC_REJECT	REJECT: both reject
rv39_bands_t_rej_red_call_call	REJECT	SEC_REJECT	SEC_REJECT	REJECT: both reject
rv39_bands_t_rej_red_call_call_call	REJECT	SEC_REJECT	SEC_REJECT	REJECT: both reject
rv39_bands_t_rej_red_closure_final	REJECT	SEC_REJECT	SEC_REJECT	REJECT: both reject
rv39_bands_t_rej_red_identity_list	REJECT	SEC_REJECT	SEC_REJECT	REJECT: both reject
rv39_bands_t_rej_red_mixed	REJECT	SEC_REJECT	SEC_REJECT	REJECT: both reject
rv39_bands_t_rej_red_nonlit_apply	REJECT	SEC_REJECT	SEC_REJECT	REJECT: both reject
rv39_bands_t_rej_red_nonlit_call	REJECT	SEC_REJECT	SEC_REJECT	REJECT: both reject
rv39_bands_t_rej_red_print	REJECT	SEC_REJECT	SEC_REJECT	REJECT: both reject
rv39_bands_t_rej_red_ret_fn	REJECT	SEC_REJECT	SEC_REJECT	REJECT: both reject
rv39_bands_t_rej_red_ret_fn2	REJECT	SEC_REJECT	SEC_REJECT	REJECT: both reject
rv39_bands_t_rej_red_ret_fn3	REJECT	SEC_REJECT	SEC_REJECT	REJECT: both reject
rv39_bands_t_rej_red_second_pos	REJECT	SEC_REJECT	SEC_REJECT	REJECT: both reject
rv39_bands_t_rej_red_userfn_list	REJECT	SEC_REJECT	SEC_REJECT	REJECT: both reject
rv39_boundary_new_leak_sh_struct	REJECT	SEC_REJECT	SEC_REJECT	REJECT: both reject
rv39_boundary_new_leak_vb_loop_brk	REJECT	SEC_REJECT	SEC_REJECT	REJECT: both reject
rv39_boundary_overrefusal_variant_j03_iflet_binder_choice	ACCEPT	ACCEPT	ACCEPT	ACCEPT: both accept
rv39_boundary_overrefusal_variant_o1	ACCEPT	ACCEPT	ACCEPT	ACCEPT: both accept
rv39_boundary_overrefusal_variant_v2_rotate	ACCEPT	ACCEPT	ACCEPT	ACCEPT: both accept
rv39_boundary_overrefusal_variant_x03_exprwrite_loop	ACCEPT	ACCEPT	ACCEPT	ACCEPT: both accept
rv39_boundary_overrefusal_variant_x07_for_let_after	ACCEPT	ACCEPT	ACCEPT	ACCEPT: both accept
rv39_boundary_r39c_1_break_state_dropped_at_loop_join	REJECT	SEC_REJECT	SEC_REJECT	REJECT: both reject
rv39_boundary_r39c_2_if_join_drops_write_before_shadowing_let	REJECT	SEC_REJECT	SEC_REJECT	REJECT: both reject
rv39_boundary_r39c_3_value_block_assignment_untracked	REJECT	SEC_REJECT	SEC_REJECT	REJECT: both reject
rv39_boundary_r39c_4_value_block_nested_statement_no_join	REJECT	SEC_REJECT	SEC_REJECT	REJECT: both reject
rv39_boundary_r39c_5_perf_nested_loop_closure_choices	ACCEPT	ACCEPT	ACCEPT	ACCEPT: both accept
rv39_boundary_r39c_6_overrefusal_self_read_block_alias_choice_in_loop	ACCEPT	ACCEPT	ACCEPT	ACCEPT: both accept
rv39_boundary_r39c_variant_a05	REJECT	SEC_REJECT	SEC_REJECT	REJECT: both reject
rv39_boundary_r39c_variant_a06	REJECT	SEC_REJECT	SEC_REJECT	REJECT: both reject
rv39_boundary_r39c_variant_d01	REJECT	SEC_REJECT	SEC_REJECT	REJECT: both reject
rv39_boundary_r39c_variant_e06	REJECT	SEC_REJECT	SEC_REJECT	REJECT: both reject
rv39_boundary_r39c_variant_v11	REJECT	SEC_REJECT	SEC_REJECT	REJECT: both reject
rv39_boundary_r39c_variant_v14	REJECT	SEC_REJECT	SEC_REJECT	REJECT: both reject
rv39_boundary_r39c_variant_w02	REJECT	SEC_REJECT	SEC_REJECT	REJECT: both reject
rv39_boundary_r39p_o4	ACCEPT	ACCEPT	ACCEPT	ACCEPT: both accept
rv39_boundary_r39p_o5	ACCEPT	ACCEPT	ACCEPT	ACCEPT: both accept
rv39_boundary_twin_acc_a_keep_match	ACCEPT	ACCEPT	ACCEPT	ACCEPT: both accept
rv39_boundary_twin_acc_a_selfread_block	ACCEPT	ACCEPT	ACCEPT	ACCEPT: both accept
rv39_boundary_twin_acc_a_state_machine	ACCEPT	ACCEPT	ACCEPT	ACCEPT: both accept
rv39_boundary_twin_acc_a_swap	ACCEPT	ACCEPT	ACCEPT	ACCEPT: both accept
rv39_boundary_twin_acc_b_break_overwritten	ACCEPT	ACCEPT	ACCEPT	ACCEPT: both accept
rv39_boundary_twin_acc_b_break_safe	ACCEPT	ACCEPT	ACCEPT	ACCEPT: both accept
rv39_boundary_twin_acc_c_shadow_only	ACCEPT	ACCEPT	ACCEPT	ACCEPT: both accept
rv39_boundary_twin_acc_c_shadow_safe	ACCEPT	ACCEPT	ACCEPT	ACCEPT: both accept
rv39_boundary_twin_acc_c_struct_shadow_safe	ACCEPT	ACCEPT	ACCEPT	ACCEPT: both accept
rv39_boundary_twin_acc_d_vb_assign_public	ACCEPT	ACCEPT	ACCEPT	ACCEPT: both accept
rv39_boundary_twin_acc_d_vb_closure_reassign_safe	ACCEPT	ACCEPT	ACCEPT	ACCEPT: both accept
rv39_boundary_twin_acc_d_vb_loop_safe	ACCEPT	ACCEPT	ACCEPT	ACCEPT: both accept
rv39_boundary_twin_acc_d_vb_nested_if_safe	ACCEPT	ACCEPT	ACCEPT	ACCEPT: both accept
rv39_boundary_twin_rej_a_let_binder	REJECT	SEC_REJECT	SEC_REJECT	REJECT: both reject
rv39_boundary_twin_rej_a_selfread_call	REJECT	SEC_REJECT	SEC_REJECT	REJECT: both reject
rv39_boundary_twin_rej_a_selfread_element	REJECT	SEC_REJECT	SEC_REJECT	REJECT: both reject
rv39_boundary_twin_rej_a_selfread_forvar	REJECT	SEC_REJECT	SEC_REJECT	REJECT: both reject
rv39_boundary_twin_rej_a_state_machine_leak	REJECT	SEC_REJECT	SEC_REJECT	REJECT: both reject
rv39_boundary_twin_rej_a_swap_element	REJECT	SEC_REJECT	SEC_REJECT	REJECT: both reject
rv39_boundary_twin_rej_b_for_break_shadow	REJECT	SEC_REJECT	SEC_REJECT	REJECT: both reject
rv39_boundary_twin_rej_b_loop_break_blockalias	REJECT	SEC_REJECT	SEC_REJECT	REJECT: both reject
rv39_boundary_twin_rej_b_struct_break_shadow	REJECT	SEC_REJECT	SEC_REJECT	REJECT: both reject
rv39_boundary_twin_rej_c_else_shadow	REJECT	SEC_REJECT	SEC_REJECT	REJECT: both reject
rv39_boundary_twin_rej_c_nested_shadow	REJECT	SEC_REJECT	SEC_REJECT	REJECT: both reject
rv39_boundary_twin_rej_d_vb_let_init_write	REJECT	SEC_REJECT	SEC_REJECT	REJECT: both reject
rv39_boundary_twin_rej_d_vb_shadow	REJECT	SEC_REJECT	SEC_REJECT	REJECT: both reject
rv39_boundary_twin_rej_d_vb_struct_loop	REJECT	SEC_REJECT	SEC_REJECT	REJECT: both reject
rv39_boundary_twin_rej_d_vb_while_nested	REJECT	SEC_REJECT	SEC_REJECT	REJECT: both reject
rv39_fnret_acc_f8_ov1_f	ACCEPT	ACCEPT	ACCEPT	ACCEPT: both accept
rv39_fnret_acc_f8_ov1_m_for_literal	ACCEPT	ACCEPT	ACCEPT	ACCEPT: both accept
rv39_fnret_acc_f8_ov2_f	ACCEPT	ACCEPT	SEC_REJECT	ACCEPT: v2 accepts a lanes over-refusal
rv39_fnret_acc_f8_ov3_f	ACCEPT	ACCEPT	SEC_REJECT	ACCEPT: v2 accepts a lanes over-refusal
rv39_fnret_acc_f8_ov4_f	ACCEPT	ACCEPT	SEC_REJECT	ACCEPT: v2 accepts a lanes over-refusal
rv39_fnret_acc_f8_ov4_m	ACCEPT	ACCEPT	SEC_REJECT	ACCEPT: v2 accepts a lanes over-refusal
rv39_fnret_acc_f8_ov5_f	ACCEPT	ACCEPT	ACCEPT	ACCEPT: both accept
rv39_fnret_acc_f8_v10_literal_index	ACCEPT	ACCEPT	SEC_REJECT	ACCEPT: v2 accepts a lanes over-refusal
rv39_fnret_acc_f8_v3_for_letlist	ACCEPT	ACCEPT	ACCEPT	ACCEPT: both accept
rv39_fnret_acc_f8_v6_for_annotated	ACCEPT	ACCEPT	ACCEPT	ACCEPT: both accept
rv39_fnret_acc_f8_v9_fnbody_call_receiver	ACCEPT	ACCEPT	ACCEPT	ACCEPT: both accept
rv39_fnret_acc_f8_wn2_f	ACCEPT	ACCEPT	ACCEPT	ACCEPT: both accept
rv39_fnret_acc_f8_wn5_f	ACCEPT	ACCEPT	ACCEPT	ACCEPT: both accept
rv39_fnret_acc_f9_loop_rewrap	ACCEPT	ACCEPT	INVALID:ANUBIS_ANALYSIS_LIMIT	ACCEPT: v2 accepts a lanes over-refusal
rv39_fnret_acc_f9_pv1_f	ACCEPT	ACCEPT	INVALID:ANUBIS_ANALYSIS_LIMIT	ACCEPT: v2 accepts a lanes over-refusal
rv39_fnret_acc_f9_pw13_m	ACCEPT	ACCEPT	SEC_REJECT	ACCEPT: v2 accepts a lanes over-refusal
rv39_fnret_acc_memo_chain_leaf_quiet	ACCEPT	ACCEPT	ACCEPT	ACCEPT: both accept
rv39_fnret_acc_p1_closure_rule_chain	ACCEPT	ACCEPT	ACCEPT	ACCEPT: both accept
rv39_fnret_acc_p1_p6_12_16	ACCEPT	ACCEPT	ACCEPT	ACCEPT: both accept
rv39_fnret_acc_tw_f1_public_elems	ACCEPT	ACCEPT	ACCEPT	ACCEPT: both accept
rv39_fnret_acc_tw_f2_seed_quiet_fn	ACCEPT	ACCEPT	ACCEPT	ACCEPT: both accept
rv39_fnret_acc_tw_f3_builder_public	ACCEPT	ACCEPT	ACCEPT	ACCEPT: both accept
rv39_fnret_acc_tw_f4_fold_returns_quiet	ACCEPT	ACCEPT	ACCEPT	ACCEPT: both accept
rv39_fnret_acc_tw_f5_call_receiver_kept	ACCEPT	ACCEPT	SEC_REJECT	ACCEPT: v2 accepts a lanes over-refusal
rv39_fnret_acc_tw_f5_ident_literal	ACCEPT	ACCEPT	ACCEPT	ACCEPT: both accept
rv39_fnret_acc_tw_f5_method_chain_own	ACCEPT	ACCEPT	ACCEPT	ACCEPT: both accept
rv39_fnret_acc_tw_f6_joined_lists	ACCEPT	ACCEPT	ACCEPT	ACCEPT: both accept
rv39_fnret_acc_tw_f6_list_of_t	ACCEPT	ACCEPT	ACCEPT	ACCEPT: both accept
rv39_fnret_acc_tw_f8_for_mixed_quiet	ACCEPT	ACCEPT	ACCEPT	ACCEPT: both accept
rv39_fnret_rej_f1_h1_fold_builds	REJECT	SEC_REJECT	SEC_REJECT	REJECT: both reject
rv39_fnret_rej_f1_h2_lambda_seed	REJECT	SEC_REJECT	SEC_REJECT	REJECT: both reject
rv39_fnret_rej_f1_h5_fnbody	REJECT	SEC_REJECT	SEC_REJECT	REJECT: both reject
rv39_fnret_rej_f1_h6_list_var	REJECT	SEC_REJECT	SEC_REJECT	REJECT: both reject
rv39_fnret_rej_f1_reduce_fold_callresult	REJECT	SEC_REJECT	SEC_REJECT	REJECT: both reject
rv39_fnret_rej_f2_acc_fn_seed_call	REJECT	SEC_REJECT	SEC_REJECT	REJECT: both reject
rv39_fnret_rej_f2_b8_named_seed	REJECT	SEC_REJECT	SEC_REJECT	REJECT: both reject
rv39_fnret_rej_f2_c4_alias_seed	REJECT	SEC_REJECT	SEC_REJECT	REJECT: both reject
rv39_fnret_rej_f2_c5_fnbody	REJECT	SEC_REJECT	SEC_REJECT	REJECT: both reject
rv39_fnret_rej_f3_acc_builder_value	REJECT	SEC_REJECT	SEC_REJECT	REJECT: both reject
rv39_fnret_rej_f3_g2_fnbody	REJECT	SEC_REJECT	SEC_REJECT	REJECT: both reject
rv39_fnret_rej_f4_b1_lambda_call	REJECT	SEC_REJECT	SEC_REJECT	REJECT: both reject
rv39_fnret_rej_f4_c1_fnbody	REJECT	SEC_REJECT	SEC_REJECT	REJECT: both reject
rv39_fnret_rej_f4_c3_lambda	REJECT	SEC_REJECT	SEC_REJECT	REJECT: both reject
rv39_fnret_rej_f4_fold_returns_fn	REJECT	SEC_REJECT	SEC_REJECT	REJECT: both reject
rv39_fnret_rej_f5_call_receiver	REJECT	SEC_REJECT	SEC_REJECT	REJECT: both reject
rv39_fnret_rej_f5_z05_m	REJECT	SEC_REJECT	SEC_REJECT	REJECT: both reject
rv39_fnret_rej_f5_z07_m	REJECT	SEC_REJECT	SEC_REJECT	REJECT: both reject
rv39_fnret_rej_f5_z09_m	REJECT	SEC_REJECT	SEC_REJECT	REJECT: both reject
rv39_fnret_rej_f5_z10_m	REJECT	SEC_REJECT	SEC_REJECT	REJECT: both reject
rv39_fnret_rej_f5_z14_m	REJECT	SEC_REJECT	SEC_REJECT	REJECT: both reject
rv39_fnret_rej_f5_zz2_m	REJECT	SEC_REJECT	SEC_REJECT	REJECT: both reject
rv39_fnret_rej_f6_list_annotation	REJECT	SEC_REJECT	SEC_REJECT	REJECT: both reject
rv39_fnret_rej_f6_z08_m	REJECT	SEC_REJECT	SEC_REJECT	REJECT: both reject
rv39_fnret_rej_f6_zl1_m	REJECT	SEC_REJECT	SEC_REJECT	REJECT: both reject
rv39_fnret_rej_f6_zl8_m	REJECT	SEC_REJECT	SEC_REJECT	REJECT: both reject
rv39_fnret_rej_f7_method_fn_misdispatch	REJECT	SEC_REJECT	SEC_REJECT	REJECT: both reject
rv39_fnret_rej_f7_z06_m	REJECT	SEC_REJECT	SEC_REJECT	REJECT: both reject
rv39_fnret_rej_memo_chain_leaf_egress	REJECT	SEC_REJECT	SEC_REJECT	REJECT: both reject
rv39_fnret_rej_memo_closure_captures_whole	REJECT	SEC_REJECT	SEC_REJECT	REJECT: both reject
rv39_fnret_rej_memo_returned_fn_in_two_bodies	REJECT	SEC_REJECT	SEC_REJECT	REJECT: both reject
rv39_fnret_rej_reduce_name_closure_or_value	REJECT	SEC_REJECT	SEC_REJECT	REJECT: both reject
rv39_loose_accept_new_dropped_writer_call	ACCEPT	ACCEPT	ACCEPT	ACCEPT: both accept
rv39_loose_accept_r39_loose_o1_ov2_method_copy_scalar	ACCEPT	ACCEPT	ACCEPT	ACCEPT: both accept
rv39_loose_accept_r39_loose_o1_ov3_dropped_callback_call	ACCEPT	ACCEPT	ACCEPT	ACCEPT: both accept
rv39_loose_accept_r39_loose_o1_scalar_field_write	ACCEPT	ACCEPT	ACCEPT	ACCEPT: both accept
rv39_loose_accept_r39p_o1_a04b_method_on_secret_struct	ACCEPT	ACCEPT	ACCEPT	ACCEPT: both accept
rv39_loose_accept_r39p_o1_a08_factory_method	ACCEPT	ACCEPT	ACCEPT	ACCEPT: both accept
rv39_loose_accept_r39p_o1_a09_factory_scalar_arg	ACCEPT	ACCEPT	ACCEPT	ACCEPT: both accept
rv39_loose_accept_r39p_o1_i01_accumulator_then_report	ACCEPT	ACCEPT	ACCEPT	ACCEPT: both accept
rv39_loose_accept_r39p_o1_method_on_literal	ACCEPT	ACCEPT	ACCEPT	ACCEPT: both accept
rv39_loose_accept_r39p_o1_n1_lit_same	ACCEPT	ACCEPT	ACCEPT	ACCEPT: both accept
rv39_loose_accept_r39p_o1_n3_chain	ACCEPT	ACCEPT	ACCEPT	ACCEPT: both accept
rv39_loose_accept_r39p_o1_n6_other_type_method	ACCEPT	ACCEPT	ACCEPT	ACCEPT: both accept
rv39_loose_accept_r39p_o1_t09_method_on_field	ACCEPT	ACCEPT	SEC_REJECT	ACCEPT: v2 accepts a lanes over-refusal
rv39_loose_accept_r39p_o2_d06_param_scalar_write	ACCEPT	ACCEPT	ACCEPT	ACCEPT: both accept
rv39_loose_accept_r39p_o2_t02_returns_method_on_literal	ACCEPT	ACCEPT	ACCEPT	ACCEPT: both accept
rv39_loose_accept_r39p_o2_t03_pass_name	ACCEPT	ACCEPT	ACCEPT	ACCEPT: both accept
rv39_loose_accept_r39p_o2_tally_accumulator_local	ACCEPT	ACCEPT	ACCEPT	ACCEPT: both accept
rv39_loose_accept_r39p_o3_h07_shadow_grow_then_part	ACCEPT	ACCEPT	ACCEPT	ACCEPT: both accept
rv39_loose_accept_r39p_o3_m1_shadow_grow	ACCEPT	ACCEPT	ACCEPT	ACCEPT: both accept
rv39_loose_accept_r39p_o3_shadowed_builder	ACCEPT	ACCEPT	ACCEPT	ACCEPT: both accept
rv39_loose_accept_r39p_o3_z03_builder_new_names	ACCEPT	ACCEPT	ACCEPT	ACCEPT: both accept
rv39_loose_accept_r39p_o3_z04_chain_on_literal	ACCEPT	ACCEPT	ACCEPT	ACCEPT: both accept
rv39_loose_accept_twin_assigned_builder	ACCEPT	ACCEPT	ACCEPT	ACCEPT: both accept
rv39_loose_accept_twin_changing_counter_argument	ACCEPT	ACCEPT	ACCEPT	ACCEPT: both accept
rv39_loose_accept_twin_direct_field_write	ACCEPT	ACCEPT	ACCEPT	ACCEPT: both accept
rv39_loose_accept_twin_grow_new_name	ACCEPT	ACCEPT	ACCEPT	ACCEPT: both accept
rv39_loose_accept_twin_identity_same_type_under_annotation	ACCEPT	ACCEPT	ACCEPT	ACCEPT: both accept
rv39_loose_accept_twin_method_identity_unwritten	ACCEPT	ACCEPT	SEC_REJECT	ACCEPT: v2 accepts a lanes over-refusal
rv39_loose_accept_twin_method_on_name	ACCEPT	ACCEPT	ACCEPT	ACCEPT: both accept
rv39_loose_accept_twin_same_list_unwritten	ACCEPT	ACCEPT	SEC_REJECT	ACCEPT: v2 accepts a lanes over-refusal
rv39_loose_accept_twin_same_of_scalar_writer	ACCEPT	ACCEPT	ACCEPT	ACCEPT: both accept
rv39_loose_accept_twin_scalar_append_and_len_store	ACCEPT	ACCEPT	ACCEPT	ACCEPT: both accept
rv39_loose_accept_twin_shadow_next_nonwriter	ACCEPT	ACCEPT	ACCEPT	ACCEPT: both accept
rv39_loose_accept_twin_tally_no_tag	ACCEPT	ACCEPT	ACCEPT	ACCEPT: both accept
rv39_loose_open_r39_loose5_cl4_rebuild_literal	REJECT	SEC_REJECT	SEC_REJECT	REJECT: both reject
rv39_loose_open_r39_loose5_cl5_return_literal_list	REJECT	SEC_REJECT	SEC_REJECT	REJECT: both reject
rv39_loose_overrefusal_r39p_o1_n5_loopvar_receiver	ACCEPT	ACCEPT	SEC_REJECT	ACCEPT: v2 accepts a lanes over-refusal
rv39_loose_overrefusal_r39p_o2_u02_getter_field	ACCEPT	ACCEPT	SEC_REJECT	ACCEPT: v2 accepts a lanes over-refusal
rv39_loose_overrefusal_r39p_o3_h03_chain_writer_str_store	ACCEPT	ACCEPT	ACCEPT	ACCEPT: both accept
rv39_loose_reject_guard_map_writer_noannot	REJECT	SEC_REJECT	SEC_REJECT	REJECT: both reject
rv39_loose_reject_guard_map_writing_lambda_noannot	REJECT	SEC_REJECT	SEC_REJECT	REJECT: both reject
rv39_loose_reject_guard_method_returns_literal_local	REJECT	SEC_REJECT	SEC_REJECT	REJECT: both reject
rv39_loose_reject_guard_writer_call_as_tail	REJECT	SEC_REJECT	SEC_REJECT	REJECT: both reject
rv39_loose_reject_guard_writer_stores_field_read	REJECT	SEC_REJECT	SEC_REJECT	REJECT: both reject
rv39_loose_reject_new_annot_over_name_of_builtin	REJECT	SEC_REJECT	SEC_REJECT	REJECT: both reject
rv39_loose_reject_new_annot_over_name_of_first	REJECT	SEC_REJECT	SEC_REJECT	REJECT: both reject
rv39_loose_reject_new_method_identity_list	REJECT	SEC_REJECT	SEC_REJECT	REJECT: both reject
rv39_loose_reject_new_shadow_index_method	REJECT	SEC_REJECT	SEC_REJECT	REJECT: both reject
rv39_loose_reject_new_shadow_loopvar_method	REJECT	SEC_REJECT	SEC_REJECT	REJECT: both reject
rv39_loose_reject_r38pl_dt_annot_builtin	REJECT	SEC_REJECT	SEC_REJECT	REJECT: both reject
rv39_loose_reject_r38pl_dt_annot_field	REJECT	SEC_REJECT	SEC_REJECT	REJECT: both reject
rv39_loose_reject_r38pl_dt_annot_index	REJECT	SEC_REJECT	SEC_REJECT	REJECT: both reject
rv39_loose_reject_r39_loose1_nested_writer_in_same	REJECT	SEC_REJECT	SEC_REJECT	REJECT: both reject
rv39_loose_reject_r39_loose2_fr1_index_write	REJECT	SEC_REJECT	SEC_REJECT	REJECT: both reject
rv39_loose_reject_r39_loose2_fr5_map_form	REJECT	SEC_REJECT	SEC_REJECT	REJECT: both reject
rv39_loose_reject_r39_loose2_same_list_after_push	REJECT	SEC_REJECT	SEC_REJECT	REJECT: both reject
rv39_loose_reject_r39_loose3_ac2_call_lambda_writer_method	REJECT	SEC_REJECT	SEC_REJECT	REJECT: both reject
rv39_loose_reject_r39_loose3_call_named_writer_annot	REJECT	SEC_REJECT	SEC_REJECT	REJECT: both reject
rv39_loose_reject_r39_loose3_d3_call_writing_lambda	REJECT	SEC_REJECT	SEC_REJECT	REJECT: both reject
rv39_loose_reject_r39_loose3_d4_apply_writer	REJECT	SEC_REJECT	SEC_REJECT	REJECT: both reject
rv39_loose_reject_r39_loose3_d5_map_writer_list_annot	REJECT	SEC_REJECT	SEC_REJECT	REJECT: both reject
rv39_loose_reject_r39_loose3_d8_map_lambda_calls_writer	REJECT	SEC_REJECT	SEC_REJECT	REJECT: both reject
rv39_loose_reject_r39_loose3_d9_reduce_lambda_writer	REJECT	SEC_REJECT	SEC_REJECT	REJECT: both reject
rv39_loose_reject_r39_loose4_a2_call_lambda	REJECT	SEC_REJECT	SEC_REJECT	REJECT: both reject
rv39_loose_reject_r39_loose4_a3_first_literal	REJECT	SEC_REJECT	SEC_REJECT	REJECT: both reject
rv39_loose_reject_r39_loose4_a5_identity_name	REJECT	SEC_REJECT	SEC_REJECT	REJECT: both reject
rv39_loose_reject_r39_loose4_a6_max	REJECT	SEC_REJECT	SEC_REJECT	REJECT: both reject
rv39_loose_reject_r39_loose4_a7_last	REJECT	SEC_REJECT	SEC_REJECT	REJECT: both reject
rv39_loose_reject_r39_loose4_e1_enum_under_annotation	REJECT	SEC_REJECT	SEC_REJECT	REJECT: both reject
rv39_loose_reject_r39_loose4_identity_under_annotation	REJECT	SEC_REJECT	SEC_REJECT	REJECT: both reject
rv39_loose_reject_r39_loose5_cl1_concat_literal	REJECT	SEC_REJECT	SEC_REJECT	REJECT: both reject
rv39_loose_reject_r39_loose5_concat_rebuild	REJECT	SEC_REJECT	SEC_REJECT	REJECT: both reject
rv39_xc_f1_red_order	REJECT	SEC_REJECT	SEC_REJECT	REJECT: both reject
rv39_xc_f2_red_seed	REJECT	SEC_REJECT	SEC_REJECT	REJECT: both reject
rv39_xc_f3_red_seed_var	REJECT	SEC_REJECT	SEC_REJECT	REJECT: both reject
rv39_xc_f4_tail_ret	REJECT	SEC_REJECT	SEC_REJECT	REJECT: both reject
rv39_xc_f5_red_main	REJECT	SEC_REJECT	SEC_REJECT	REJECT: both reject
rv39_xc_f6_red_valid	ACCEPT	ACCEPT	ACCEPT	ACCEPT: both accept
rv39_xc_f7_red_scope_closure	ACCEPT	ACCEPT	ACCEPT	ACCEPT: both accept
rv39_xc_f8_red_fn_closure	ACCEPT	ACCEPT	ACCEPT	ACCEPT: both accept
rv39_xc_f9_red_scope_choice	ACCEPT	ACCEPT	ACCEPT	ACCEPT: both accept
rv39_xc_l1_shadow_writer	REJECT	SEC_REJECT	SEC_REJECT	REJECT: both reject
rv39_xc_l2_recv_stale	REJECT	SEC_REJECT	SEC_REJECT	REJECT: both reject
rv39_xc_l3_place_recv	REJECT	SEC_REJECT	SEC_REJECT	REJECT: both reject
rv39_xc_l4_index_recv	REJECT	SEC_REJECT	SEC_REJECT	REJECT: both reject
rv39_xc_l5_callfield_recv	REJECT	SEC_REJECT	SEC_REJECT	REJECT: both reject
rv39_xc_l6_nested_chain	REJECT	SEC_REJECT	SEC_REJECT	REJECT: both reject
rv39_xc_l7_fnbody_place	REJECT	SEC_REJECT	SEC_REJECT	REJECT: both reject
rv39_xc_m1	REJECT	SEC_REJECT	SEC_REJECT	REJECT: both reject
rv39_xc_m2	REJECT	SEC_REJECT	SEC_REJECT	REJECT: both reject
rv39_xc_m3	REJECT	SEC_REJECT	SEC_REJECT	REJECT: both reject
rv39_xc_nr_a1_lamparam	ACCEPT	SEC_REJECT	SEC_REJECT	ACCEPT: both refuse
rv39_xc_nr_a3_callb	ACCEPT	SEC_REJECT	SEC_REJECT	ACCEPT: both refuse
rv39_xc_perf_writer_chain	ACCEPT	ACCEPT	ACCEPT	ACCEPT: both accept
rv39_xc_rt_push_share	ACCEPT	ACCEPT	ACCEPT	ACCEPT: both accept
rv39_xc_vb1	REJECT	SEC_REJECT	SEC_REJECT	REJECT: both reject
rv39_xc_vb2	REJECT	SEC_REJECT	SEC_REJECT	REJECT: both reject
rv39_xc_vb3	REJECT	SEC_REJECT	SEC_REJECT	REJECT: both reject
rv3_call_only_param_derived_assert	ACCEPT	ACCEPT	ACCEPT	ACCEPT: both accept
rv3_closure_copy_in_loop	ACCEPT	ACCEPT	UNDECIDED	ACCEPT: v2 accepts a lanes over-refusal
rv3_else_return_over_havoc	ACCEPT	ACCEPT	UNDECIDED	ACCEPT: v2 accepts a lanes over-refusal
rv3_guard_ground_over_havoc	ACCEPT	ACCEPT	UNDECIDED	ACCEPT: v2 accepts a lanes over-refusal
rv3_guard_reachability_assert	ACCEPT	ACCEPT	UNDECIDED	ACCEPT: v2 accepts a lanes over-refusal
rv3_guard_reachability_over_havoc	ACCEPT	ACCEPT	UNDECIDED	ACCEPT: v2 accepts a lanes over-refusal
rv3_guard_reversed_over_havoc	ACCEPT	ACCEPT	UNDECIDED	ACCEPT: v2 accepts a lanes over-refusal
rv3_param_with_inbody_assert_static	REJECT	ACCEPT	DISPROVED	REJECT: v2 MISSES (lanes reject)
rv3_range_try_early_exit	ACCEPT	ACCEPT	UNDECIDED	ACCEPT: v2 accepts a lanes over-refusal
rv3_range_user_exit	ACCEPT	ACCEPT	UNDECIDED	ACCEPT: v2 accepts a lanes over-refusal
rv3_reassigned_param_assert_static	REJECT	ACCEPT	DISPROVED	REJECT: v2 MISSES (lanes reject)
rv3_struct_field_after_loop	ACCEPT	ACCEPT	UNDECIDED	ACCEPT: v2 accepts a lanes over-refusal
rv3_wrap_checked_at_statement	REJECT	ACCEPT	WRAP	REJECT: v2 MISSES (lanes reject)
rv3_wrap_endstate_loop	REJECT	ACCEPT	WRAP	REJECT: v2 MISSES (lanes reject)
rv3_wrap_inbody_invariant_poststate	REJECT	ACCEPT	WRAP	REJECT: v2 MISSES (lanes reject)
rv3_wrap_later_assignment	REJECT	ACCEPT	WRAP	REJECT: v2 MISSES (lanes reject)
rv4_unknown_callee_no_escape_valid	ACCEPT	ACCEPT	ACCEPT	ACCEPT: both accept
rv5_carrier_callresult_inline	REJECT	ACCEPT	DISPROVED	REJECT: v2 MISSES (lanes reject)
rv5_carrier_callresult_local	REJECT	ACCEPT	DISPROVED	REJECT: v2 MISSES (lanes reject)
rv5_carrier_container_callresult	REJECT	ACCEPT	DISPROVED	REJECT: v2 MISSES (lanes reject)
rv5_ifc_early_return_lambda_sink	REJECT	SEC_REJECT	SEC_REJECT	REJECT: both reject
rv5_ifc_early_return_print_sink	REJECT	SEC_REJECT	SEC_REJECT	REJECT: both reject
rv5_ifc_forwarded_param_early_return	REJECT	SEC_REJECT	SEC_REJECT	REJECT: both reject
rv5_ifc_join_early_fn_then_param	REJECT	SEC_REJECT	SEC_REJECT	REJECT: both reject
rv5_ifc_join_if_else_returns	REJECT	SEC_REJECT	SEC_REJECT	REJECT: both reject
rv5_ifc_method_early_return	REJECT	SEC_REJECT	SEC_REJECT	REJECT: both reject
rv5_ifc_secret_early_return_fnvalue	REJECT	SEC_REJECT	SEC_REJECT	REJECT: both reject
rv5_ifc_taint_early_return_sink	REJECT	SEC_REJECT	SEC_REJECT	REJECT: both reject
rv5_lambda_body_literal_violation	REJECT	ACCEPT	DISPROVED	REJECT: v2 MISSES (lanes reject)
rv5_lambda_calls_contracted_method	REJECT	ACCEPT	DISPROVED	REJECT: v2 MISSES (lanes reject)
rv5_lambda_expr_join	REJECT	ACCEPT	DISPROVED	REJECT: v2 MISSES (lanes reject)
rv5_valid_alias_of_formal	ACCEPT	ACCEPT	ACCEPT	ACCEPT: both accept
rv5_valid_formal_list_elem	ACCEPT	ACCEPT	ACCEPT	ACCEPT: both accept
rv5_valid_lambda_join_plus_escape	ACCEPT	ACCEPT	ACCEPT	ACCEPT: both accept
rv6_closure_capture_through_carrier	REJECT	ACCEPT	DISPROVED	REJECT: v2 MISSES (lanes reject)
rv6_forwarder_bare_loop_rejects	REJECT	SEC_REJECT	SEC_REJECT	REJECT: both reject
rv6_forwarder_for_loop_rejects	REJECT	SEC_REJECT	SEC_REJECT	REJECT: both reject
rv6_forwarder_while_loop_rejects	REJECT	SEC_REJECT	SEC_REJECT	REJECT: both reject
rv6_ifc_join_let_alias	REJECT	SEC_REJECT	SEC_REJECT	REJECT: both reject
rv6_ifc_join_match_return	REJECT	SEC_REJECT	SEC_REJECT	REJECT: both reject
rv6_ifc_lambda_join_arity	REJECT	SEC_REJECT	SEC_REJECT	REJECT: both reject
rv6_join_callee_local_capture	REJECT	ACCEPT	DISPROVED	REJECT: v2 MISSES (lanes reject)
rv6_join_param_alias_local	REJECT	ACCEPT	DISPROVED	REJECT: v2 MISSES (lanes reject)
rv6_lambda_join_param_swap	REJECT	ACCEPT	DISPROVED	REJECT: v2 MISSES (lanes reject)
rv6_taint_join_let_alias	REJECT	SEC_REJECT	SEC_REJECT	REJECT: both reject
rv6_valid_block_closure_stable_capture	ACCEPT	ACCEPT	UNDECIDED	ACCEPT: v2 accepts a lanes over-refusal
rv6_valid_closure_captures_for_var	ACCEPT	ACCEPT	UNDECIDED	ACCEPT: v2 accepts a lanes over-refusal
rv6_valid_join_unreachable_closure	ACCEPT	ACCEPT	DISPROVED	ACCEPT: v2 accepts a lanes over-refusal
rv7_ifc_early_return_callee_local	REJECT	SEC_REJECT	SEC_REJECT	REJECT: both reject
rv7_match_arm_bare_expr_wildcard	REJECT	ACCEPT	DISPROVED	REJECT: v2 MISSES (lanes reject)
rv7_method_early_return_secret	REJECT	SEC_REJECT	SEC_REJECT	REJECT: both reject
rv7_string_index_secret_field	REJECT	SEC_REJECT	SEC_REJECT	REJECT: both reject
rv7_whole_struct_print_secret	REJECT	SEC_REJECT	SEC_REJECT	REJECT: both reject
rv8_match_arm_m1	REJECT	ACCEPT	DISPROVED	REJECT: v2 MISSES (lanes reject)
rv8_match_arm_m3	REJECT	ACCEPT	DISPROVED	REJECT: v2 MISSES (lanes reject)
rv8_match_arm_m4	REJECT	ACCEPT	DISPROVED	REJECT: v2 MISSES (lanes reject)
rv8_reentry_secret	REJECT	SEC_REJECT	SEC_REJECT	REJECT: both reject
rv8_struct_string_index_secret	REJECT	SEC_REJECT	SEC_REJECT	REJECT: both reject
rv8_trait_default_secret	REJECT	SEC_REJECT	SEC_REJECT	REJECT: both reject
rv8_valid_block_closure_no_contracts	ACCEPT	ACCEPT	ACCEPT	ACCEPT: both accept
rv8_valid_block_shadow_call	ACCEPT	ACCEPT	UNDECIDED	ACCEPT: v2 accepts a lanes over-refusal
rv8_valid_enum_payload_arm	ACCEPT	ACCEPT	UNDECIDED	ACCEPT: v2 accepts a lanes over-refusal
rv8_valid_struct_public_reads	ACCEPT	ACCEPT	ACCEPT	ACCEPT: both accept
rv8_whole_struct_print_direct	REJECT	SEC_REJECT	SEC_REJECT	REJECT: both reject
rv9_map_local_range_closure_violation	REJECT	ACCEPT	DISPROVED	REJECT: v2 MISSES (lanes reject)
rv9_map_range_violation	REJECT	ACCEPT	DISPROVED	REJECT: v2 MISSES (lanes reject)
rv9_reentry_depth3_secret	REJECT	SEC_REJECT	SEC_REJECT	REJECT: both reject
rv9_reentry_depth4_secret	REJECT	SEC_REJECT	SEC_REJECT	REJECT: both reject
rv9_valid_interproc_public_field	ACCEPT	ACCEPT	ACCEPT	ACCEPT: both accept
rv9_valid_map_derived_list	ACCEPT	ACCEPT	UNDECIDED	ACCEPT: v2 accepts a lanes over-refusal
rv9_valid_map_filtered_list	ACCEPT	ACCEPT	UNDECIDED	ACCEPT: v2 accepts a lanes over-refusal
rv9_valid_map_local_range	ACCEPT	ACCEPT	ACCEPT	ACCEPT: both accept
rv9_valid_map_local_range_closure	ACCEPT	ACCEPT	ACCEPT	ACCEPT: both accept
rv9_valid_map_param_list_named_fn	ACCEPT	ACCEPT	UNDECIDED	ACCEPT: v2 accepts a lanes over-refusal
rv9_valid_map_range	ACCEPT	ACCEPT	ACCEPT	ACCEPT: both accept
rv9_whole_struct_W10	REJECT	SEC_REJECT	SEC_REJECT	REJECT: both reject
rv9_whole_struct_W11	REJECT	SEC_REJECT	SEC_REJECT	REJECT: both reject
rv9_whole_struct_W13	REJECT	SEC_REJECT	SEC_REJECT	REJECT: both reject
rv9_whole_struct_W14	REJECT	SEC_REJECT	SEC_REJECT	REJECT: both reject
rv9_whole_struct_W16	REJECT	SEC_REJECT	SEC_REJECT	REJECT: both reject
rv9_whole_struct_W5	REJECT	SEC_REJECT	SEC_REJECT	REJECT: both reject
rv9_whole_struct_X3	REJECT	SEC_REJECT	SEC_REJECT	REJECT: both reject
rv_assert_pinned_not_withdrawn	REJECT	ACCEPT	UNDECIDED	REJECT: v2 MISSES (lanes reject)
rv_assert_pinned_not_withdrawn_flt	REJECT	ACCEPT	DISPROVED	REJECT: v2 MISSES (lanes reject)
rv_assert_pinned_not_withdrawn_if	REJECT	ACCEPT	UNDECIDED	REJECT: v2 MISSES (lanes reject)
rv_assert_pinned_not_withdrawn_noloop	REJECT	ACCEPT	UNDECIDED	REJECT: v2 MISSES (lanes reject)
rv_assert_pinned_not_withdrawn_str	REJECT	ACCEPT	DISPROVED	REJECT: v2 MISSES (lanes reject)
rv_f64_param_int_literal_arg	REJECT	ACCEPT	DISPROVED	REJECT: v2 MISSES (lanes reject)
rv_f64_param_int_literal_valid	ACCEPT	ACCEPT	ACCEPT	ACCEPT: both accept
rv_for_list_var_unmodeled	ACCEPT	ACCEPT	UNDECIDED	ACCEPT: v2 accepts a lanes over-refusal
rv_for_range_var_modeled	ACCEPT	ACCEPT	ACCEPT	ACCEPT: both accept
rv_join_pin_via_branch_local	ACCEPT	ACCEPT	UNDECIDED	ACCEPT: v2 accepts a lanes over-refusal
rv_join_pin_via_branch_local_assert	ACCEPT	ACCEPT	ACCEPT	ACCEPT: both accept
rv_join_unencodable_cond_assert	ACCEPT	ACCEPT	ACCEPT	ACCEPT: both accept
rv_local_exit_not_diverging	REJECT	ACCEPT	DISPROVED	REJECT: v2 MISSES (lanes reject)
rv_local_panic_not_diverging	REJECT	ACCEPT	DISPROVED	REJECT: v2 MISSES (lanes reject)
rv_unfold_capture_avoiding	REJECT	ACCEPT	DISPROVED	REJECT: v2 MISSES (lanes reject)
rv_wrap_lint_call_only_param	ACCEPT	ACCEPT	ACCEPT	ACCEPT: both accept
rv_wrap_lint_copy_of_havoc	ACCEPT	ACCEPT	ACCEPT	ACCEPT: both accept
s05_for_zero_direct	ACCEPT	ACCEPT	ACCEPT	ACCEPT: both accept
s06_while_false_direct	ACCEPT	ACCEPT	ACCEPT	ACCEPT: both accept
s07_after_if_return	ACCEPT	ACCEPT	ACCEPT	ACCEPT: both accept
s08_after_return	ACCEPT	ACCEPT	ACCEPT	ACCEPT: both accept
s09_shadow_chain_direct	ACCEPT	ACCEPT	DISPROVED	ACCEPT: v2 accepts a lanes over-refusal
s10_shadow_chain_carrier	ACCEPT	ACCEPT	DISPROVED	ACCEPT: v2 accepts a lanes over-refusal
s11_arg_embedded_write_direct	REJECT	ACCEPT	DISPROVED	REJECT: v2 MISSES (lanes reject)
s12_direct_local_named_global	ACCEPT	ACCEPT	ACCEPT	ACCEPT: both accept
sniff_int_ident_contains_to_fp	ACCEPT	ACCEPT	ACCEPT	ACCEPT: both accept
sort_above_u64_literal_ensures	ACCEPT	ACCEPT	ACCEPT	ACCEPT: both accept
sort_fp_exp_literal_valid	ACCEPT	ACCEPT	ACCEPT	ACCEPT: both accept
sort_fp_exp_literal_violated	REJECT	ACCEPT	DISPROVED	REJECT: v2 MISSES (lanes reject)
sort_fp_tiny_literal_valid	ACCEPT	ACCEPT	ACCEPT	ACCEPT: both accept
sort_fp_tiny_literal_violated	REJECT	ACCEPT	DISPROVED	REJECT: v2 MISSES (lanes reject)
t_field_closure_clean_arg_ok	ACCEPT	ACCEPT	ACCEPT	ACCEPT: both accept
t_field_closure_inline_overwrite	REJECT	SEC_REJECT	SEC_REJECT	REJECT: both reject
t_field_closure_inline_shell	REJECT	SEC_REJECT	SEC_REJECT	REJECT: both reject
t_field_closure_literal_then_overwrite	REJECT	SEC_REJECT	SEC_REJECT	REJECT: both reject
t_field_closure_overwrite_pure_ok	ACCEPT	ACCEPT	ACCEPT	ACCEPT: both accept
t_field_closure_overwrite_to_print	REJECT	SEC_REJECT	SEC_REJECT	REJECT: both reject
t_field_closure_print	REJECT	SEC_REJECT	SEC_REJECT	REJECT: both reject
t_field_closure_pure_then_sink	REJECT	SEC_REJECT	SEC_REJECT	REJECT: both reject
t_field_closure_sibling_pure_ok	ACCEPT	ACCEPT	ACCEPT	ACCEPT: both accept
t_index_closure_dynamic_write	REJECT	SEC_REJECT	SEC_REJECT	REJECT: both reject
